日付,銘柄名,コード,業種,TOPIXに占める個別銘柄のウエイト,ニューインデックス区分
20250731,極洋,1301,水産・農林業,0.0066%,TOPIX Small 2
20250731,ニッスイ,1332,水産・農林業,0.0297%,TOPIX Mid400
20250731,マルハニチロ,1333,水産・農林業,0.0156%,TOPIX Mid400
20250731,ユキグニファクトリー,1375,水産・農林業,0.0032%,TOPIX Small 2
20250731,カネコ種苗,1376,水産・農林業,0.0013%,TOPIX Small 2
20250731,サカタのタネ,1377,水産・農林業,0.0141%,TOPIX Small 1
20250731,ホクト,1379,水産・農林業,0.0055%,TOPIX Small 2
20250731,ショーボンドホールディングス,1414,建設業,0.0213%,TOPIX Mid400
20250731,ミライト・ワン,1417,建設業,0.0288%,TOPIX Mid400
20250731,タマホーム,1419,建設業,0.0075%,TOPIX Small 1
20250731,ｒｏｂｏｔ　ｈｏｍｅ,1435,不動産業,0.0011%,TOPIX Small 2
20250731,住石ホールディングス,1514,鉱業,0.0026%,TOPIX Small 1
20250731,日鉄鉱業,1515,鉱業,0.0100%,TOPIX Small 1
20250731,三井松島ホールディングス,1518,その他製品,0.0096%,TOPIX Small 1
20250731,ＩＮＰＥＸ,1605,鉱業,0.2422%,TOPIX Mid400
20250731,石油資源開発,1662,鉱業,0.0202%,TOPIX Small 1
20250731,Ｋ＆Ｏエナジーグループ,1663,鉱業,0.0044%,TOPIX Small 1
20250731,リョーサン菱洋ホールディングス,167A,卸売業,0.0108%,TOPIX Small 1
20250731,第一カッター興業,1716,建設業,0.0012%,TOPIX Small 2
20250731,安藤・間,1719,建設業,0.0312%,TOPIX Small 1
20250731,東急建設,1720,建設業,0.0109%,TOPIX Small 1
20250731,コムシスホールディングス,1721,建設業,0.0413%,TOPIX Mid400
20250731,ビーアールホールディングス,1726,建設業,0.0017%,TOPIX Small 2
20250731,高松コンストラクショングループ,1762,建設業,0.0077%,TOPIX Small 2
20250731,東建コーポレーション,1766,建設業,0.0102%,TOPIX Small 1
20250731,ヤマウラ,1780,建設業,0.0023%,TOPIX Small 2
20250731,オリエンタル白石,1786,建設業,0.0048%,TOPIX Small 2
20250731,大成建設,1801,建設業,0.1934%,TOPIX Mid400
20250731,大林組,1802,建設業,0.1728%,TOPIX Mid400
20250731,清水建設,1803,建設業,0.1079%,TOPIX Mid400
20250731,長谷工コーポレーション,1808,建設業,0.0484%,TOPIX Mid400
20250731,松井建設,1810,建設業,0.0028%,TOPIX Small 2
20250731,鹿島建設,1812,建設業,0.1976%,TOPIX Mid400
20250731,不動テトラ,1813,建設業,0.0035%,TOPIX Small 2
20250731,鉄建建設,1815,建設業,0.0046%,TOPIX Small 2
20250731,西松建設,1820,建設業,0.0188%,TOPIX Mid400
20250731,三井住友建設,1821,建設業,0.0113%,TOPIX Small 1
20250731,大豊建設,1822,建設業,0.0027%,TOPIX Small 2
20250731,奥村組,1833,建設業,0.0186%,TOPIX Small 1
20250731,東鉄工業,1835,建設業,0.0108%,TOPIX Small 1
20250731,淺沼組,1852,建設業,0.0076%,TOPIX Small 1
20250731,戸田建設,1860,建設業,0.0279%,TOPIX Mid400
20250731,熊谷組,1861,建設業,0.0175%,TOPIX Small 1
20250731,矢作建設工業,1870,建設業,0.0064%,TOPIX Small 2
20250731,ピーエス・コンストラクション,1871,建設業,0.0031%,TOPIX Small 2
20250731,日本ハウスホールディングス,1873,建設業,0.0015%,TOPIX Small 2
20250731,大東建託,1878,不動産業,0.1246%,TOPIX Mid400
20250731,新日本建設,1879,建設業,0.0058%,TOPIX Small 2
20250731,東亜道路工業,1882,建設業,0.0066%,TOPIX Small 2
20250731,日本道路,1884,建設業,0.0030%,TOPIX Small 1
20250731,東亜建設工業,1885,建設業,0.0134%,TOPIX Small 1
20250731,日本国土開発,1887,建設業,0.0034%,TOPIX Small 2
20250731,若築建設,1888,建設業,0.0036%,TOPIX Small 2
20250731,東洋建設,1890,建設業,0.0112%,TOPIX Small 1
20250731,五洋建設,1893,建設業,0.0302%,TOPIX Mid400
20250731,世紀東急工業,1898,建設業,0.0049%,TOPIX Small 1
20250731,福田組,1899,建設業,0.0043%,TOPIX Small 2
20250731,住友林業,1911,建設業,0.0940%,TOPIX Mid400
20250731,大和ハウス工業,1925,建設業,0.3547%,TOPIX Large70
20250731,ライト工業,1926,建設業,0.0140%,TOPIX Small 1
20250731,積水ハウス,1928,建設業,0.2271%,TOPIX Large70
20250731,日特建設,1929,建設業,0.0027%,TOPIX Small 2
20250731,北陸電気工事,1930,建設業,0.0022%,TOPIX Small 2
20250731,ユアテック,1934,建設業,0.0107%,TOPIX Small 2
20250731,日本リーテック,1938,建設業,0.0037%,TOPIX Small 2
20250731,四電工,1939,建設業,0.0039%,TOPIX Small 2
20250731,中電工,1941,建設業,0.0134%,TOPIX Small 1
20250731,関電工,1942,建設業,0.0463%,TOPIX Mid400
20250731,きんでん,1944,建設業,0.0769%,TOPIX Mid400
20250731,東京エネシス,1945,建設業,0.0042%,TOPIX Small 2
20250731,トーエネック,1946,建設業,0.0052%,TOPIX Small 2
20250731,住友電設,1949,建設業,0.0126%,TOPIX Small 1
20250731,日本電設工業,1950,建設業,0.0127%,TOPIX Small 2
20250731,エクシオグループ,1951,建設業,0.0484%,TOPIX Mid400
20250731,新日本空調,1952,建設業,0.0081%,TOPIX Small 2
20250731,九電工,1959,建設業,0.0328%,TOPIX Mid400
20250731,三機工業,1961,建設業,0.0219%,TOPIX Small 1
20250731,日揮ホールディングス,1963,建設業,0.0316%,TOPIX Mid400
20250731,中外炉工業,1964,建設業,0.0028%,TOPIX Small 2
20250731,太平電業,1968,建設業,0.0102%,TOPIX Small 2
20250731,高砂熱学工業,1969,建設業,0.0418%,TOPIX Mid400
20250731,朝日工業社,1975,建設業,0.0057%,TOPIX Small 2
20250731,明星工業,1976,建設業,0.0062%,TOPIX Small 2
20250731,大氣社,1979,建設業,0.0164%,TOPIX Small 1
20250731,ダイダン,1980,建設業,0.0191%,TOPIX Small 1
20250731,日比谷総合設備,1982,建設業,0.0079%,TOPIX Small 2
20250731,ニップン,2001,食料品,0.0182%,TOPIX Small 1
20250731,日清製粉グループ本社,2002,食料品,0.0411%,TOPIX Mid400
20250731,日東富士製粉,2003,食料品,0.0031%,TOPIX Small 2
20250731,昭和産業,2004,食料品,0.0061%,TOPIX Small 2
20250731,中部飼料,2053,食料品,0.0055%,TOPIX Small 2
20250731,フィード・ワン,2060,食料品,0.0037%,TOPIX Small 2
20250731,日本甜菜製糖,2108,食料品,0.0030%,TOPIX Small 2
20250731,ＤＭ三井製糖,2109,食料品,0.0070%,TOPIX Small 2
20250731,ウェルネオシュガー,2117,食料品,0.0030%,TOPIX Small 2
20250731,ＬＩＦＵＬＬ,2120,サービス業,0.0014%,TOPIX Small 2
20250731,ＭＩＸＩ,2121,サービス業,0.0155%,TOPIX Small 1
20250731,ジェイエイシーリクルートメント,2124,サービス業,0.0094%,TOPIX Small 1
20250731,日本Ｍ＆Ａセンターホールディングス,2127,サービス業,0.0275%,TOPIX Mid400
20250731,メンバーズ,2130,サービス業,0.0011%,TOPIX Small 2
20250731,ＵＴグループ,2146,サービス業,0.0083%,TOPIX Small 1
20250731,アイティメディア,2148,サービス業,0.0022%,TOPIX Small 2
20250731,ケアネット,2150,サービス業,0.0032%,TOPIX Small 2
20250731,Ｅ・Ｊホールディングス,2153,サービス業,0.0029%,TOPIX Small 2
20250731,オープンアップグループ,2154,サービス業,0.0152%,TOPIX Small 1
20250731,コシダカホールディングス,2157,サービス業,0.0092%,TOPIX Small 1
20250731,パソナグループ,2168,サービス業,0.0060%,TOPIX Small 1
20250731,リンクアンドモチベーション,2170,サービス業,0.0029%,TOPIX Small 1
20250731,エス・エム・エス,2175,サービス業,0.0144%,TOPIX Mid400
20250731,パーソルホールディングス,2181,サービス業,0.0651%,TOPIX Mid400
20250731,クックパッド,2193,サービス業,0.0010%,TOPIX Small 2
20250731,森永製菓,2201,食料品,0.0224%,TOPIX Mid400
20250731,中村屋,2204,食料品,0.0018%,TOPIX Small 2
20250731,江崎グリコ,2206,食料品,0.0315%,TOPIX Mid400
20250731,名糖産業,2207,食料品,0.0022%,TOPIX Small 2
20250731,井村屋グループ,2209,食料品,0.0032%,TOPIX Small 2
20250731,不二家,2211,食料品,0.0040%,TOPIX Small 2
20250731,山崎製パン,2212,食料品,0.0513%,TOPIX Mid400
20250731,モロゾフ,2217,食料品,0.0035%,TOPIX Small 2
20250731,亀田製菓,2220,食料品,0.0061%,TOPIX Small 1
20250731,寿スピリッツ,2222,食料品,0.0283%,TOPIX Mid400
20250731,カルビー,2229,食料品,0.0300%,TOPIX Mid400
20250731,森永乳業,2264,食料品,0.0288%,TOPIX Mid400
20250731,六甲バター,2266,食料品,0.0024%,TOPIX Small 2
20250731,ヤクルト本社,2267,食料品,0.0795%,TOPIX Mid400
20250731,明治ホールディングス,2269,食料品,0.0929%,TOPIX Mid400
20250731,雪印メグミルク,2270,食料品,0.0181%,TOPIX Small 1
20250731,プリマハム,2281,食料品,0.0076%,TOPIX Small 1
20250731,日本ハム,2282,食料品,0.0498%,TOPIX Mid400
20250731,丸大食品,2288,食料品,0.0045%,TOPIX Small 2
20250731,Ｓ　Ｆｏｏｄｓ,2292,食料品,0.0069%,TOPIX Small 1
20250731,柿安本店,2294,食料品,0.0027%,TOPIX Small 2
20250731,伊藤ハム米久ホールディングス,2296,食料品,0.0184%,TOPIX Small 1
20250731,学情,2301,サービス業,0.0021%,TOPIX Small 2
20250731,スタジオアリス,2305,サービス業,0.0026%,TOPIX Small 2
20250731,クロスキャット,2307,情報・通信業,0.0015%,TOPIX Small 2
20250731,システナ,2317,情報・通信業,0.0138%,TOPIX Small 1
20250731,ＮＪＳ,2325,サービス業,0.0031%,TOPIX Small 2
20250731,デジタルアーツ,2326,情報・通信業,0.0122%,TOPIX Small 1
20250731,日鉄ソリューションズ,2327,情報・通信業,0.0292%,TOPIX Mid400
20250731,ＡＬＳＯＫ,2331,サービス業,0.0433%,TOPIX Mid400
20250731,キューブシステム,2335,情報・通信業,0.0015%,TOPIX Small 2
20250731,いちご,2337,不動産業,0.0080%,TOPIX Small 1
20250731,日本駐車場開発,2353,不動産業,0.0075%,TOPIX Small 1
20250731,コア,2359,情報・通信業,0.0021%,TOPIX Small 2
20250731,カカクコム,2371,サービス業,0.0460%,TOPIX Mid400
20250731,セントケア・ホールディング,2374,サービス業,0.0012%,TOPIX Small 2
20250731,ルネサンス,2378,サービス業,0.0022%,TOPIX Small 2
20250731,ディップ,2379,サービス業,0.0105%,TOPIX Small 1
20250731,ＳＢＳホールディングス,2384,陸運業,0.0069%,TOPIX Small 1
20250731,デジタルホールディングス,2389,サービス業,0.0015%,TOPIX Small 2
20250731,新日本科学,2395,サービス業,0.0036%,TOPIX Small 2
20250731,エムスリー,2413,サービス業,0.0915%,TOPIX Mid400
20250731,ワールドホールディングス,2429,サービス業,0.0027%,TOPIX Small 2
20250731,ディー・エヌ・エー,2432,サービス業,0.0235%,TOPIX Mid400
20250731,博報堂ＤＹホールディングス,2433,サービス業,0.0334%,TOPIX Mid400
20250731,ぐるなび,2440,サービス業,0.0012%,TOPIX Small 2
20250731,タカミヤ,2445,サービス業,0.0011%,TOPIX Small 2
20250731,ファンコミュニケーションズ,2461,サービス業,0.0017%,TOPIX Small 2
20250731,ライク,2462,サービス業,0.0018%,TOPIX Small 2
20250731,エスプール,2471,サービス業,0.0021%,TOPIX Small 2
20250731,ＷＤＢホールディングス,2475,サービス業,0.0022%,TOPIX Small 2
20250731,手間いらず,2477,情報・通信業,0.0010%,TOPIX Small 2
20250731,アドウェイズ,2489,サービス業,0.0009%,TOPIX Small 2
20250731,バリューコマース,2491,サービス業,0.0017%,TOPIX Small 2
20250731,インフォマート,2492,サービス業,0.0097%,TOPIX Small 1
20250731,サッポロホールディングス,2501,食料品,0.0495%,TOPIX Mid400
20250731,アサヒグループホールディングス,2502,食料品,0.3399%,TOPIX Large70
20250731,キリンホールディングス,2503,食料品,0.1964%,TOPIX Large70
20250731,シマダヤ,250A,食料品,0.0013%,TOPIX Small 2
20250731,宝ホールディングス,2531,食料品,0.0203%,TOPIX Mid400
20250731,オエノンホールディングス,2533,食料品,0.0042%,TOPIX Small 2
20250731,養命酒製造,2540,食料品,0.0025%,TOPIX Small 2
20250731,飛島ホールディングス,256A,建設業,0.0047%,TOPIX Small 2
20250731,コカ・コーラ　ボトラーズジャパンホールディングス,2579,食料品,0.0379%,TOPIX Mid400
20250731,ライフドリンク　カンパニー,2585,食料品,0.0116%,TOPIX Small 2
20250731,サントリー食品インターナショナル,2587,食料品,0.0759%,TOPIX Mid400
20250731,ダイドーグループホールディングス,2590,食料品,0.0071%,TOPIX Small 1
20250731,伊藤園,2593,食料品,0.0250%,TOPIX Mid400
20250731,キーコーヒー,2594,食料品,0.0053%,TOPIX Small 2
20250731,日清オイリオグループ,2602,食料品,0.0171%,TOPIX Small 1
20250731,不二製油,2607,食料品,0.0134%,TOPIX Mid400
20250731,Ｊ－オイルミルズ,2613,食料品,0.0056%,TOPIX Small 2
20250731,インターメスティック,262A,小売業,0.0022%,TOPIX Small 2
20250731,サンエー,2659,小売業,0.0129%,TOPIX Small 1
20250731,カワチ薬品,2664,小売業,0.0055%,TOPIX Small 1
20250731,エービーシー・マート,2670,小売業,0.0314%,TOPIX Mid400
20250731,ハードオフコーポレーション,2674,小売業,0.0017%,TOPIX Small 2
20250731,高千穂交易,2676,卸売業,0.0040%,TOPIX Small 2
20250731,アスクル,2678,小売業,0.0090%,TOPIX Small 1
20250731,ゲオホールディングス,2681,小売業,0.0047%,TOPIX Small 1
20250731,アダストリア,2685,小売業,0.0105%,TOPIX Small 1
20250731,リガク・ホールディングス,268A,精密機器,0.0112%,TOPIX Small 2
20250731,伊藤忠食品,2692,卸売業,0.0058%,TOPIX Small 2
20250731,くら寿司,2695,小売業,0.0124%,TOPIX Small 1
20250731,キャンドゥ,2698,小売業,0.0033%,TOPIX Small 2
20250731,パルグループホールディングス,2726,小売業,0.0292%,TOPIX Small 1
20250731,エディオン,2730,小売業,0.0221%,TOPIX Small 1
20250731,あらた,2733,卸売業,0.0125%,TOPIX Small 1
20250731,サーラコーポレーション,2734,小売業,0.0051%,TOPIX Small 2
20250731,トーメンデバイス,2737,卸売業,0.0022%,TOPIX Small 2
20250731,ハローズ,2742,小売業,0.0050%,TOPIX Small 2
20250731,ＪＰホールディングス,2749,サービス業,0.0034%,TOPIX Small 1
20250731,フジオフードグループ本社,2752,小売業,0.0047%,TOPIX Small 1
20250731,あみやき亭,2753,小売業,0.0028%,TOPIX Small 2
20250731,東京エレクトロン　デバイス,2760,卸売業,0.0067%,TOPIX Small 1
20250731,円谷フィールズホールディングス,2767,卸売業,0.0096%,TOPIX Small 1
20250731,双日,2768,卸売業,0.1017%,TOPIX Mid400
20250731,アルフレッサ　ホールディングス,2784,卸売業,0.0489%,TOPIX Mid400
20250731,大黒天物産,2791,小売業,0.0065%,TOPIX Small 1
20250731,ハニーズホールディングス,2792,小売業,0.0033%,TOPIX Small 2
20250731,キッコーマン,2801,食料品,0.1035%,TOPIX Mid400
20250731,味の素,2802,食料品,0.4329%,TOPIX Large70
20250731,ブルドックソース,2804,食料品,0.0026%,TOPIX Small 2
20250731,キユーピー,2809,食料品,0.0523%,TOPIX Mid400
20250731,ハウス食品グループ本社,2810,食料品,0.0222%,TOPIX Mid400
20250731,カゴメ,2811,食料品,0.0364%,TOPIX Mid400
20250731,アリアケジャパン,2815,食料品,0.0158%,TOPIX Small 1
20250731,エバラ食品工業,2819,食料品,0.0015%,TOPIX Small 2
20250731,キオクシアホールディングス,285A,電気機器,0.0359%,TOPIX Small 2
20250731,ニチレイ,2871,食料品,0.0336%,TOPIX Mid400
20250731,横浜冷凍,2874,卸売業,0.0067%,TOPIX Small 2
20250731,東洋水産,2875,食料品,0.1056%,TOPIX Mid400
20250731,イートアンドホールディングス,2882,食料品,0.0026%,TOPIX Small 2
20250731,ヨシムラ・フード・ホールディングス,2884,食料品,0.0011%,TOPIX Small 2
20250731,日清食品ホールディングス,2897,食料品,0.0842%,TOPIX Mid400
20250731,フジッコ,2908,食料品,0.0039%,TOPIX Small 2
20250731,ロック・フィールド,2910,食料品,0.0041%,TOPIX Small 1
20250731,日本たばこ産業,2914,食料品,0.6188%,TOPIX Core30
20250731,ケンコーマヨネーズ,2915,食料品,0.0028%,TOPIX Small 2
20250731,わらべや日洋ホールディングス,2918,食料品,0.0043%,TOPIX Small 1
20250731,なとり,2922,食料品,0.0030%,TOPIX Small 2
20250731,ファーマフーズ,2929,食料品,0.0028%,TOPIX Small 2
20250731,北の達人コーポレーション,2930,化学,0.0015%,TOPIX Small 2
20250731,ユーグレナ,2931,食料品,0.0076%,TOPIX Small 1
20250731,紀文食品,2933,食料品,0.0023%,TOPIX Small 2
20250731,ピックルスホールディングス,2935,食料品,0.0014%,TOPIX Small 2
20250731,スター・マイカ・ホールディングス,2975,不動産業,0.0025%,TOPIX Small 2
20250731,ＳＲＥホールディングス,2980,不動産業,0.0028%,TOPIX Small 1
20250731,片倉工業,3001,繊維製品,0.0066%,TOPIX Small 2
20250731,グンゼ,3002,繊維製品,0.0131%,TOPIX Small 1
20250731,ヒューリック,3003,不動産業,0.0994%,TOPIX Mid400
20250731,ラサ商事,3023,卸売業,0.0020%,TOPIX Small 2
20250731,アルペン,3028,小売業,0.0059%,TOPIX Small 1
20250731,ラクーンホールディングス,3031,情報・通信業,0.0012%,TOPIX Small 2
20250731,クオールホールディングス,3034,小売業,0.0064%,TOPIX Small 1
20250731,アルコニックス,3036,卸売業,0.0076%,TOPIX Small 1
20250731,神戸物産,3038,卸売業,0.0897%,TOPIX Mid400
20250731,ソリトンシステムズ,3040,情報・通信業,0.0017%,TOPIX Small 2
20250731,ジンズホールディングス,3046,小売業,0.0138%,TOPIX Small 1
20250731,ビックカメラ,3048,小売業,0.0214%,TOPIX Mid400
20250731,ＤＣＭホールディングス,3050,小売業,0.0188%,TOPIX Small 1
20250731,ペッパーフードサービス,3053,小売業,0.0018%,TOPIX Small 2
20250731,ＭｏｎｏｔａＲＯ,3064,小売業,0.0971%,TOPIX Mid400
20250731,あい　ホールディングス,3076,卸売業,0.0110%,TOPIX Small 1
20250731,Ｊ．フロント　リテイリング,3086,小売業,0.0595%,TOPIX Mid400
20250731,ドトール・日レスホールディングス,3087,小売業,0.0113%,TOPIX Small 1
20250731,マツキヨココカラ＆カンパニー,3088,小売業,0.1368%,TOPIX Mid400
20250731,ブロンコビリー,3091,小売業,0.0060%,TOPIX Small 1
20250731,ＺＯＺＯ,3092,小売業,0.0836%,TOPIX Mid400
20250731,トレジャー・ファクトリー,3093,小売業,0.0030%,TOPIX Small 2
20250731,物語コーポレーション,3097,小売業,0.0194%,TOPIX Small 1
20250731,三越伊勢丹ホールディングス,3099,小売業,0.0808%,TOPIX Mid400
20250731,東洋紡,3101,繊維製品,0.0102%,TOPIX Small 1
20250731,ユニチカ,3103,繊維製品,0.0014%,TOPIX Small 2
20250731,富士紡ホールディングス,3104,繊維製品,0.0055%,TOPIX Small 2
20250731,日清紡ホールディングス,3105,電気機器,0.0175%,TOPIX Mid400
20250731,倉敷紡績,3106,繊維製品,0.0130%,TOPIX Small 2
20250731,ダイワボウホールディングス,3107,卸売業,0.0312%,TOPIX Mid400
20250731,シキボウ,3109,繊維製品,0.0017%,TOPIX Small 2
20250731,日東紡績,3110,ガラス・土石製品,0.0181%,TOPIX Small 1
20250731,トヨタ紡織,3116,輸送用機器,0.0217%,TOPIX Mid400
20250731,マクニカホールディングス,3132,卸売業,0.0382%,TOPIX Mid400
20250731,Ｈａｍｅｅ,3134,小売業,0.0015%,TOPIX Small 2
20250731,ラクト・ジャパン,3139,卸売業,0.0043%,TOPIX Small 2
20250731,ウエルシアホールディングス,3141,小売業,0.0333%,TOPIX Mid400
20250731,クリエイトＳＤホールディングス,3148,小売業,0.0124%,TOPIX Small 1
20250731,グリムス,3150,電気・ガス業,0.0027%,TOPIX Small 2
20250731,バイタルケーエスケー・ホールディングス,3151,卸売業,0.0044%,TOPIX Small 2
20250731,八洲電機,3153,卸売業,0.0037%,TOPIX Small 2
20250731,メディアスホールディングス,3154,卸売業,0.0014%,TOPIX Small 2
20250731,レスター,3156,卸売業,0.0059%,TOPIX Small 2
20250731,ＴＯＫＡＩホールディングス,3167,卸売業,0.0147%,TOPIX Small 1
20250731,三洋貿易,3176,卸売業,0.0047%,TOPIX Small 2
20250731,シュッピン,3179,小売業,0.0030%,TOPIX Small 2
20250731,ビューティガレージ,3180,卸売業,0.0012%,TOPIX Small 2
20250731,オイシックス・ラ・大地,3182,小売業,0.0071%,TOPIX Small 1
20250731,ウイン・パートナーズ,3183,卸売業,0.0024%,TOPIX Small 2
20250731,ネクステージ,3186,小売業,0.0110%,TOPIX Small 1
20250731,ジョイフル本田,3191,小売業,0.0143%,TOPIX Small 1
20250731,エターナルホスピタリティグループ,3193,小売業,0.0032%,TOPIX Small 2
20250731,ホットランドホールディングス,3196,小売業,0.0039%,TOPIX Small 2
20250731,すかいらーくホールディングス,3197,小売業,0.0995%,TOPIX Mid400
20250731,ＳＦＰホールディングス,3198,小売業,0.0032%,TOPIX Small 2
20250731,綿半ホールディングス,3199,小売業,0.0031%,TOPIX Small 2
20250731,日本毛織,3201,繊維製品,0.0086%,TOPIX Small 1
20250731,ヨシックスホールディングス,3221,小売業,0.0022%,TOPIX Small 2
20250731,ユナイテッド・スーパーマーケット・ホールディングス,3222,小売業,0.0102%,TOPIX Small 1
20250731,野村不動産ホールディングス,3231,不動産業,0.0622%,TOPIX Mid400
20250731,三重交通グループホールディングス,3232,不動産業,0.0026%,TOPIX Small 2
20250731,ディア・ライフ,3245,不動産業,0.0046%,TOPIX Small 2
20250731,地主,3252,不動産業,0.0046%,TOPIX Small 2
20250731,フィル・カンパニー,3267,建設業,0.0003%,TOPIX Small 2
20250731,ＪＰＭＣ,3276,不動産業,0.0015%,TOPIX Small 2
20250731,フージャースホールディングス,3284,不動産業,0.0049%,TOPIX Small 2
20250731,オープンハウスグループ,3288,不動産業,0.0509%,TOPIX Mid400
20250731,東急不動産ホールディングス,3289,不動産業,0.0760%,TOPIX Mid400
20250731,飯田グループホールディングス,3291,不動産業,0.0481%,TOPIX Mid400
20250731,帝国繊維,3302,繊維製品,0.0074%,TOPIX Small 2
20250731,日本コークス工業,3315,石油・石炭製品,0.0023%,TOPIX Small 2
20250731,ゴルフダイジェスト・オンライン,3319,小売業,0.0003%,TOPIX Small 2
20250731,ＢＥＥＮＯＳ,3328,小売業,0.0015%,TOPIX Small 2
20250731,あさひ,3333,小売業,0.0029%,TOPIX Small 2
20250731,日本調剤,3341,小売業,0.0059%,TOPIX Small 2
20250731,コスモス薬品,3349,小売業,0.0473%,TOPIX Mid400
20250731,シップヘルスケアホールディングス,3360,卸売業,0.0197%,TOPIX Mid400
20250731,ソフトクリエイトホールディングス,3371,情報・通信業,0.0039%,TOPIX Small 2
20250731,セブン＆アイ・ホールディングス,3382,小売業,0.5590%,TOPIX Core30
20250731,クリエイト・レストランツ・ホールディングス,3387,小売業,0.0294%,TOPIX Small 1
20250731,明治電機工業,3388,卸売業,0.0025%,TOPIX Small 2
20250731,ツルハホールディングス,3391,小売業,0.0494%,TOPIX Mid400
20250731,サンマルクホールディングス,3395,小売業,0.0060%,TOPIX Small 2
20250731,トリドールホールディングス,3397,小売業,0.0318%,TOPIX Mid400
20250731,帝人,3401,繊維製品,0.0297%,TOPIX Mid400
20250731,東レ,3402,繊維製品,0.1820%,TOPIX Mid400
20250731,クラレ,3405,化学,0.0601%,TOPIX Mid400
20250731,旭化成,3407,化学,0.1678%,TOPIX Large70
20250731,ＴＯＫＹＯ　ＢＡＳＥ,3415,小売業,0.0013%,TOPIX Small 2
20250731,稲葉製作所,3421,金属製品,0.0025%,TOPIX Small 2
20250731,宮地エンジニアリンググループ,3431,金属製品,0.0059%,TOPIX Small 1
20250731,トーカロ,3433,金属製品,0.0145%,TOPIX Small 1
20250731,ＳＵＭＣＯ,3436,金属製品,0.0563%,TOPIX Mid400
20250731,川田テクノロジーズ,3443,金属製品,0.0062%,TOPIX Small 2
20250731,ＲＳ　Ｔｅｃｈｎｏｌｏｇｉｅｓ,3445,金属製品,0.0052%,TOPIX Small 1
20250731,Ａｎｄ　Ｄｏホールディングス,3457,不動産業,0.0016%,TOPIX Small 2
20250731,ケイアイスター不動産,3465,不動産業,0.0062%,TOPIX Small 1
20250731,グッドコムアセット,3475,不動産業,0.0030%,TOPIX Small 2
20250731,ジェイ・エス・ビー,3480,不動産業,0.0039%,TOPIX Small 2
20250731,ロードスターキャピタル,3482,不動産業,0.0039%,TOPIX Small 2
20250731,アズーム,3496,不動産業,0.0017%,TOPIX Small 2
20250731,霞ヶ関キャピタル,3498,不動産業,0.0188%,TOPIX Small 1
20250731,ＪＭホールディングス,3539,小売業,0.0053%,TOPIX Small 2
20250731,コメダホールディングス,3543,卸売業,0.0200%,TOPIX Small 1
20250731,アレンザホールディングス,3546,小売業,0.0020%,TOPIX Small 2
20250731,串カツ田中ホールディングス,3547,小売業,0.0015%,TOPIX Small 2
20250731,バロックジャパンリミテッド,3548,小売業,0.0023%,TOPIX Small 2
20250731,クスリのアオキホールディングス,3549,小売業,0.0265%,TOPIX Mid400
20250731,力の源ホールディングス,3561,小売業,0.0027%,TOPIX Small 2
20250731,ＦＯＯＤ　＆　ＬＩＦＥ　ＣＯＭＰＡＮＩＥＳ,3563,小売業,0.1111%,TOPIX Mid400
20250731,アセンテック,3565,卸売業,0.0017%,TOPIX Small 2
20250731,セーレン,3569,繊維製品,0.0114%,TOPIX Small 1
20250731,小松マテーレ,3580,繊維製品,0.0027%,TOPIX Small 2
20250731,ワコールホールディングス,3591,繊維製品,0.0258%,TOPIX Mid400
20250731,ホギメディカル,3593,繊維製品,0.0154%,TOPIX Small 1
20250731,ＴＳＩホールディングス,3608,繊維製品,0.0077%,TOPIX Small 1
20250731,ワールド,3612,繊維製品,0.0103%,TOPIX Small 1
20250731,ＴＩＳ,3626,情報・通信業,0.1228%,TOPIX Mid400
20250731,グリーホールディングス,3632,情報・通信業,0.0040%,TOPIX Small 1
20250731,ＧＭＯペパボ,3633,情報・通信業,0.0005%,TOPIX Small 2
20250731,コーエーテクモホールディングス,3635,情報・通信業,0.0359%,TOPIX Mid400
20250731,三菱総合研究所,3636,情報・通信業,0.0054%,TOPIX Small 1
20250731,ファインデックス,3649,情報・通信業,0.0013%,TOPIX Small 2
20250731,ブレインパッド,3655,情報・通信業,0.0024%,TOPIX Small 2
20250731,ＫＬａｂ,3656,情報・通信業,0.0008%,TOPIX Small 2
20250731,ポールトゥウィンホールディングス,3657,情報・通信業,0.0012%,TOPIX Small 2
20250731,ネクソン,3659,情報・通信業,0.1637%,TOPIX Mid400
20250731,アイスタイル,3660,情報・通信業,0.0048%,TOPIX Small 1
20250731,エムアップホールディングス,3661,情報・通信業,0.0063%,TOPIX Small 1
20250731,エイチームホールディングス,3662,情報・通信業,0.0023%,TOPIX Small 2
20250731,セルシス,3663,情報・通信業,0.0054%,TOPIX Small 2
20250731,エニグモ,3665,情報・通信業,0.0008%,TOPIX Small 2
20250731,コロプラ,3668,情報・通信業,0.0043%,TOPIX Small 1
20250731,ブロードリーフ,3673,情報・通信業,0.0067%,TOPIX Small 1
20250731,デジタルハーツホールディングス,3676,情報・通信業,0.0017%,TOPIX Small 2
20250731,メディアドゥ,3678,情報・通信業,0.0019%,TOPIX Small 2
20250731,じげん,3679,情報・通信業,0.0030%,TOPIX Small 1
20250731,ブイキューブ,3681,情報・通信業,0.0005%,TOPIX Small 2
20250731,フィックスターズ,3687,情報・通信業,0.0068%,TOPIX Small 2
20250731,ＣＡＲＴＡ　ＨＯＬＤＩＮＧＳ,3688,情報・通信業,0.0028%,TOPIX Small 2
20250731,北里コーポレーション,368A,精密機器,0.0032%,TOPIX Small 2
20250731,オプティム,3694,情報・通信業,0.0013%,TOPIX Small 2
20250731,セレス,3696,情報・通信業,0.0026%,TOPIX Small 2
20250731,ＳＨＩＦＴ,3697,情報・通信業,0.0346%,TOPIX Mid400
20250731,特種東海製紙,3708,パルプ・紙,0.0046%,TOPIX Small 2
20250731,セック,3741,情報・通信業,0.0022%,TOPIX Small 2
20250731,テクマトリックス,3762,情報・通信業,0.0112%,TOPIX Small 1
20250731,プロシップ,3763,情報・通信業,0.0031%,TOPIX Small 2
20250731,ガンホー・オンライン・エンターテイメント,3765,情報・通信業,0.0162%,TOPIX Mid400
20250731,ＧＭＯペイメントゲートウェイ,3769,情報・通信業,0.0409%,TOPIX Mid400
20250731,システムリサーチ,3771,情報・通信業,0.0036%,TOPIX Small 2
20250731,インターネットイニシアティブ,3774,情報・通信業,0.0366%,TOPIX Mid400
20250731,さくらインターネット,3778,情報・通信業,0.0111%,TOPIX Small 1
20250731,ＧＭＯグローバルサイン・ホールディングス,3788,情報・通信業,0.0017%,TOPIX Small 2
20250731,ＳＲＡホールディングス,3817,情報・通信業,0.0063%,TOPIX Small 2
20250731,朝日ネット,3834,情報・通信業,0.0018%,TOPIX Small 2
20250731,ｅＢＡＳＥ,3835,情報・通信業,0.0017%,TOPIX Small 2
20250731,アバントグループ,3836,情報・通信業,0.0051%,TOPIX Small 2
20250731,アドソル日進,3837,情報・通信業,0.0026%,TOPIX Small 2
20250731,フリービット,3843,情報・通信業,0.0019%,TOPIX Small 2
20250731,コムチュア,3844,情報・通信業,0.0056%,TOPIX Small 1
20250731,アステリア,3853,情報・通信業,0.0012%,TOPIX Small 2
20250731,アイル,3854,情報・通信業,0.0038%,TOPIX Small 2
20250731,王子ホールディングス,3861,パルプ・紙,0.0672%,TOPIX Mid400
20250731,日本製紙,3863,パルプ・紙,0.0139%,TOPIX Small 1
20250731,北越コーポレーション,3865,パルプ・紙,0.0138%,TOPIX Small 1
20250731,大王製紙,3880,パルプ・紙,0.0102%,TOPIX Small 1
20250731,マークラインズ,3901,情報・通信業,0.0028%,TOPIX Small 2
20250731,メディカル・データ・ビジョン,3902,情報・通信業,0.0012%,TOPIX Small 2
20250731,ｇｕｍｉ,3903,情報・通信業,0.0028%,TOPIX Small 2
20250731,テラスカイ,3915,情報・通信業,0.0022%,TOPIX Small 2
20250731,デジタル・インフォメーション・テクノロジー,3916,情報・通信業,0.0036%,TOPIX Small 2
20250731,ネオジャパン,3921,情報・通信業,0.0011%,TOPIX Small 2
20250731,ＰＲ　ＴＩＭＥＳ,3922,情報・通信業,0.0014%,TOPIX Small 2
20250731,ラクス,3923,情報・通信業,0.0265%,TOPIX Mid400
20250731,ダブルスタンダード,3925,情報・通信業,0.0014%,TOPIX Small 2
20250731,オープンドア,3926,情報・通信業,0.0009%,TOPIX Small 2
20250731,アカツキ,3932,情報・通信業,0.0035%,TOPIX Small 2
20250731,Ｕｂｉｃｏｍホールディングス,3937,情報・通信業,0.0008%,TOPIX Small 2
20250731,カナミックネットワーク,3939,情報・通信業,0.0013%,TOPIX Small 2
20250731,レンゴー,3941,パルプ・紙,0.0192%,TOPIX Mid400
20250731,トーモク,3946,パルプ・紙,0.0046%,TOPIX Small 2
20250731,ザ・パック,3950,パルプ・紙,0.0055%,TOPIX Small 2
20250731,チェンジホールディングス,3962,情報・通信業,0.0069%,TOPIX Small 1
20250731,オークネット,3964,情報・通信業,0.0038%,TOPIX Small 2
20250731,オロ,3983,情報・通信業,0.0032%,TOPIX Small 2
20250731,ユーザーローカル,3984,情報・通信業,0.0022%,TOPIX Small 2
20250731,ＰＫＳＨＡ　Ｔｅｃｈｎｏｌｏｇｙ,3993,情報・通信業,0.0102%,TOPIX Small 2
20250731,マネーフォワード,3994,情報・通信業,0.0331%,TOPIX Mid400
20250731,レゾナック・ホールディングス,4004,化学,0.0850%,TOPIX Mid400
20250731,住友化学,4005,化学,0.0733%,TOPIX Mid400
20250731,住友精化,4008,化学,0.0051%,TOPIX Small 1
20250731,日産化学,4021,化学,0.0606%,TOPIX Mid400
20250731,ラサ工業,4022,化学,0.0036%,TOPIX Small 2
20250731,クレハ,4023,化学,0.0155%,TOPIX Small 1
20250731,多木化学,4025,化学,0.0027%,TOPIX Small 2
20250731,テイカ,4027,化学,0.0021%,TOPIX Small 2
20250731,石原産業,4028,化学,0.0087%,TOPIX Small 1
20250731,日本曹達,4041,化学,0.0174%,TOPIX Small 1
20250731,東ソー,4042,化学,0.0730%,TOPIX Mid400
20250731,トクヤマ,4043,化学,0.0253%,TOPIX Mid400
20250731,セントラル硝子,4044,化学,0.0099%,TOPIX Small 1
20250731,東亞合成,4045,化学,0.0150%,TOPIX Mid400
20250731,大阪ソーダ,4046,化学,0.0156%,TOPIX Small 1
20250731,関東電化工業,4047,化学,0.0044%,TOPIX Small 1
20250731,ＧＭＯフィナンシャルゲート,4051,情報・通信業,0.0019%,TOPIX Small 2
20250731,Ｓｕｎ　Ａｓｔｅｒｉｓｋ,4053,情報・通信業,0.0011%,TOPIX Small 2
20250731,デンカ,4061,化学,0.0186%,TOPIX Mid400
20250731,イビデン,4062,電気機器,0.0897%,TOPIX Mid400
20250731,信越化学工業,4063,化学,0.9377%,TOPIX Core30
20250731,日本カーバイド工業,4064,化学,0.0024%,TOPIX Small 2
20250731,プラスアルファ・コンサルティング,4071,情報・通信業,0.0070%,TOPIX Small 1
20250731,電算システムホールディングス,4072,情報・通信業,0.0028%,TOPIX Small 2
20250731,堺化学工業,4078,化学,0.0048%,TOPIX Small 1
20250731,第一稀元素化学工業,4082,化学,0.0018%,TOPIX Small 2
20250731,エア・ウォーター,4088,化学,0.0508%,TOPIX Mid400
20250731,日本酸素ホールディングス,4091,化学,0.1251%,TOPIX Mid400
20250731,日本化学工業,4092,化学,0.0019%,TOPIX Small 2
20250731,日本パーカライジング,4095,化学,0.0148%,TOPIX Small 1
20250731,高圧ガス工業,4097,化学,0.0038%,TOPIX Small 2
20250731,四国化成ホールディングス,4099,化学,0.0057%,TOPIX Small 2
20250731,戸田工業,4100,化学,0.0007%,TOPIX Small 2
20250731,ステラ　ケミファ,4109,化学,0.0055%,TOPIX Small 1
20250731,保土谷化学工業,4112,化学,0.0023%,TOPIX Small 2
20250731,日本触媒,4114,化学,0.0264%,TOPIX Mid400
20250731,大日精化工業,4116,化学,0.0055%,TOPIX Small 2
20250731,カネカ,4118,化学,0.0254%,TOPIX Mid400
20250731,協和キリン,4151,医薬品,0.0734%,TOPIX Mid400
20250731,Ａｐｐｉｅｒ　Ｇｒｏｕｐ,4180,情報・通信業,0.0142%,TOPIX Small 1
20250731,三菱瓦斯化学,4182,化学,0.0496%,TOPIX Mid400
20250731,三井化学,4183,化学,0.0732%,TOPIX Mid400
20250731,東京応化工業,4186,化学,0.0476%,TOPIX Mid400
20250731,大阪有機化学工業,4187,化学,0.0059%,TOPIX Small 1
20250731,三菱ケミカルグループ,4188,化学,0.1451%,TOPIX Large70
20250731,ＫＨネオケム,4189,化学,0.0115%,TOPIX Small 1
20250731,ビジョナル,4194,情報・通信業,0.0341%,TOPIX Mid400
20250731,ダイセル,4202,化学,0.0343%,TOPIX Mid400
20250731,住友ベークライト,4203,化学,0.0334%,TOPIX Mid400
20250731,積水化学工業,4204,化学,0.1246%,TOPIX Mid400
20250731,日本ゼオン,4205,化学,0.0279%,TOPIX Mid400
20250731,アイカ工業,4206,化学,0.0226%,TOPIX Mid400
20250731,ＵＢＥ,4208,化学,0.0287%,TOPIX Mid400
20250731,積水樹脂,4212,化学,0.0068%,TOPIX Small 1
20250731,旭有機材,4216,化学,0.0070%,TOPIX Small 1
20250731,ニチバン,4218,化学,0.0030%,TOPIX Small 2
20250731,リケンテクノス,4220,化学,0.0048%,TOPIX Small 2
20250731,大倉工業,4221,化学,0.0054%,TOPIX Small 2
20250731,積水化成品工業,4228,化学,0.0012%,TOPIX Small 2
20250731,群栄化学工業,4229,化学,0.0016%,TOPIX Small 2
20250731,ダイキョーニシカワ,4246,化学,0.0038%,TOPIX Small 2
20250731,森六,4249,化学,0.0031%,TOPIX Small 2
20250731,恵和,4251,化学,0.0019%,TOPIX Small 2
20250731,日本化薬,4272,化学,0.0223%,TOPIX Mid400
20250731,カーリット,4275,化学,0.0031%,TOPIX Small 2
20250731,ＣＬホールディングス,4286,サービス業,0.0005%,TOPIX Small 2
20250731,プレステージ・インターナショナル,4290,サービス業,0.0075%,TOPIX Small 1
20250731,ハイマックス,4299,情報・通信業,0.0009%,TOPIX Small 2
20250731,アミューズ,4301,サービス業,0.0025%,TOPIX Small 2
20250731,野村総合研究所,4307,情報・通信業,0.3133%,TOPIX Mid400
20250731,ドリームインキュベータ,4310,サービス業,0.0015%,TOPIX Small 2
20250731,クイック,4318,サービス業,0.0040%,TOPIX Small 2
20250731,日本システム技術,4323,情報・通信業,0.0042%,TOPIX Small 2
20250731,電通グループ,4324,サービス業,0.0711%,TOPIX Mid400
20250731,インテージホールディングス,4326,情報・通信業,0.0035%,TOPIX Small 2
20250731,テイクアンドギヴ・ニーズ,4331,サービス業,0.0011%,TOPIX Small 2
20250731,東邦システムサイエンス,4333,情報・通信業,0.0014%,TOPIX Small 2
20250731,ぴあ,4337,サービス業,0.0025%,TOPIX Small 2
20250731,イオンファンタジー,4343,サービス業,0.0038%,TOPIX Small 2
20250731,ソースネクスト,4344,情報・通信業,0.0022%,TOPIX Small 2
20250731,シーティーエス,4345,サービス業,0.0030%,TOPIX Small 2
20250731,メディカルシステムネットワーク,4350,小売業,0.0012%,TOPIX Small 2
20250731,日本精化,4362,化学,0.0044%,TOPIX Small 2
20250731,扶桑化学工業,4368,化学,0.0096%,TOPIX Small 1
20250731,トリケミカル研究所,4369,化学,0.0091%,TOPIX Small 1
20250731,シンプレクス・ホールディングス,4373,情報・通信業,0.0196%,TOPIX Small 1
20250731,ＨＥＲＯＺ,4382,情報・通信業,0.0010%,TOPIX Small 2
20250731,ラクスル,4384,情報・通信業,0.0060%,TOPIX Small 1
20250731,メルカリ,4385,情報・通信業,0.0309%,TOPIX Mid400
20250731,アイ・ピー・エス,4390,情報・通信業,0.0019%,TOPIX Small 2
20250731,システムサポートホールディングス,4396,情報・通信業,0.0023%,TOPIX Small 2
20250731,ＡＤＥＫＡ,4401,化学,0.0250%,TOPIX Mid400
20250731,日油,4403,化学,0.0833%,TOPIX Mid400
20250731,ハリマ化成グループ,4410,化学,0.0016%,TOPIX Small 2
20250731,ボードルア,4413,情報・通信業,0.0019%,TOPIX Small 2
20250731,イーソル,4420,情報・通信業,0.0009%,TOPIX Small 2
20250731,ウイングアーク１ｓｔ,4432,情報・通信業,0.0091%,TOPIX Small 1
20250731,ヒト・コミュニケーションズ・ホールディングス,4433,情報・通信業,0.0011%,TOPIX Small 2
20250731,サーバーワークス,4434,情報・通信業,0.0009%,TOPIX Small 2
20250731,Ｓａｎｓａｎ,4443,情報・通信業,0.0131%,TOPIX Small 1
20250731,ギフティ,4449,情報・通信業,0.0026%,TOPIX Small 2
20250731,花王,4452,化学,0.3978%,TOPIX Large70
20250731,第一工業製薬,4461,化学,0.0045%,TOPIX Small 2
20250731,石原ケミカル,4462,化学,0.0020%,TOPIX Small 2
20250731,三洋化成工業,4471,化学,0.0059%,TOPIX Small 1
20250731,メドレー,4480,情報・通信業,0.0091%,TOPIX Small 1
20250731,ベース,4481,情報・通信業,0.0036%,TOPIX Small 1
20250731,ＪＭＤＣ,4483,情報・通信業,0.0116%,TOPIX Mid400
20250731,武田薬品工業,4502,医薬品,0.8977%,TOPIX Core30
20250731,アステラス製薬,4503,医薬品,0.3326%,TOPIX Large70
20250731,住友ファーマ,4506,医薬品,0.0283%,TOPIX Small 1
20250731,塩野義製薬,4507,医薬品,0.2029%,TOPIX Large70
20250731,日本新薬,4516,医薬品,0.0206%,TOPIX Mid400
20250731,中外製薬,4519,医薬品,0.5534%,TOPIX Large70
20250731,科研製薬,4521,医薬品,0.0156%,TOPIX Mid400
20250731,エーザイ,4523,医薬品,0.1339%,TOPIX Large70
20250731,理研ビタミン,4526,食料品,0.0054%,TOPIX Small 2
20250731,ロート製薬,4527,医薬品,0.0552%,TOPIX Mid400
20250731,小野薬品工業,4528,医薬品,0.0831%,TOPIX Mid400
20250731,久光製薬,4530,医薬品,0.0191%,TOPIX Mid400
20250731,持田製薬,4534,医薬品,0.0091%,TOPIX Small 1
20250731,参天製薬,4536,医薬品,0.0716%,TOPIX Mid400
20250731,扶桑薬品工業,4538,医薬品,0.0021%,TOPIX Small 2
20250731,ツムラ,4540,医薬品,0.0308%,TOPIX Mid400
20250731,テルモ,4543,精密機器,0.4075%,TOPIX Large70
20250731,Ｈ．Ｕ．グループホールディングス,4544,サービス業,0.0235%,TOPIX Mid400
20250731,キッセイ薬品工業,4547,医薬品,0.0168%,TOPIX Small 1
20250731,生化学工業,4548,医薬品,0.0030%,TOPIX Small 2
20250731,栄研化学,4549,医薬品,0.0091%,TOPIX Small 1
20250731,鳥居薬品,4551,医薬品,0.0033%,TOPIX Small 2
20250731,ＪＣＲファーマ,4552,医薬品,0.0047%,TOPIX Small 1
20250731,東和薬品,4553,医薬品,0.0107%,TOPIX Small 1
20250731,富士製薬工業,4554,医薬品,0.0025%,TOPIX Small 2
20250731,ゼリア新薬工業,4559,医薬品,0.0080%,TOPIX Small 1
20250731,ネクセラファーマ,4565,医薬品,0.0097%,TOPIX Small 1
20250731,第一三共,4568,医薬品,0.8205%,TOPIX Core30
20250731,杏林製薬,4569,医薬品,0.0074%,TOPIX Small 1
20250731,大幸薬品,4574,医薬品,0.0014%,TOPIX Small 2
20250731,ダイト,4577,医薬品,0.0039%,TOPIX Small 2
20250731,大塚ホールディングス,4578,医薬品,0.3907%,TOPIX Large70
20250731,ペプチドリーム,4587,医薬品,0.0198%,TOPIX Mid400
20250731,大日本塗料,4611,化学,0.0033%,TOPIX Small 2
20250731,日本ペイントホールディングス,4612,化学,0.1638%,TOPIX Mid400
20250731,関西ペイント,4613,化学,0.0412%,TOPIX Mid400
20250731,中国塗料,4617,化学,0.0169%,TOPIX Small 1
20250731,藤倉化成,4620,化学,0.0017%,TOPIX Small 2
20250731,太陽ホールディングス,4626,化学,0.0277%,TOPIX Small 1
20250731,ＤＩＣ,4631,化学,0.0255%,TOPIX Mid400
20250731,サカタインクス,4633,化学,0.0115%,TOPIX Small 1
20250731,ａｒｔｉｅｎｃｅ,4634,化学,0.0145%,TOPIX Small 1
20250731,アルプス技研,4641,サービス業,0.0056%,TOPIX Small 2
20250731,サニックスホールディングス,4651,サービス業,0.0009%,TOPIX Small 2
20250731,日本空調サービス,4658,サービス業,0.0031%,TOPIX Small 2
20250731,オリエンタルランド,4661,サービス業,0.4521%,TOPIX Large70
20250731,フォーカスシステムズ,4662,情報・通信業,0.0023%,TOPIX Small 2
20250731,ダスキン,4665,サービス業,0.0206%,TOPIX Mid400
20250731,パーク２４,4666,不動産業,0.0323%,TOPIX Mid400
20250731,明光ネットワークジャパン,4668,サービス業,0.0024%,TOPIX Small 2
20250731,ファルコホールディングス,4671,サービス業,0.0024%,TOPIX Small 2
20250731,クレスコ,4674,情報・通信業,0.0065%,TOPIX Small 2
20250731,フジ・メディア・ホールディングス,4676,情報・通信業,0.0822%,TOPIX Mid400
20250731,ラウンドワン,4680,サービス業,0.0362%,TOPIX Small 1
20250731,リゾートトラスト,4681,サービス業,0.0365%,TOPIX Mid400
20250731,オービック,4684,情報・通信業,0.2418%,TOPIX Mid400
20250731,ジャストシステム,4686,情報・通信業,0.0132%,TOPIX Small 1
20250731,ＴＤＣソフト,4687,情報・通信業,0.0053%,TOPIX Small 2
20250731,ＬＩＮＥヤフー,4689,情報・通信業,0.2135%,TOPIX Large70
20250731,ビー・エム・エル,4694,サービス業,0.0107%,TOPIX Small 1
20250731,トレンドマイクロ,4704,情報・通信業,0.1281%,TOPIX Mid400
20250731,ＩＤホールディングス,4709,情報・通信業,0.0039%,TOPIX Small 2
20250731,リソー教育,4714,サービス業,0.0033%,TOPIX Small 2
20250731,日本オラクル,4716,情報・通信業,0.0754%,TOPIX Mid400
20250731,早稲田アカデミー,4718,サービス業,0.0035%,TOPIX Small 2
20250731,アルファシステムズ,4719,情報・通信業,0.0027%,TOPIX Small 2
20250731,フューチャー,4722,情報・通信業,0.0121%,TOPIX Small 1
20250731,ＣＡＣ　Ｈｏｌｄｉｎｇｓ,4725,情報・通信業,0.0030%,TOPIX Small 2
20250731,ユー・エス・エス,4732,サービス業,0.0769%,TOPIX Mid400
20250731,オービックビジネスコンサルタント,4733,情報・通信業,0.0355%,TOPIX Mid400
20250731,アイティフォー,4743,情報・通信業,0.0042%,TOPIX Small 2
20250731,東京個別指導学院,4745,サービス業,0.0011%,TOPIX Small 2
20250731,東計電算,4746,情報・通信業,0.0027%,TOPIX Small 2
20250731,サイバーエージェント,4751,サービス業,0.0765%,TOPIX Mid400
20250731,楽天グループ,4755,サービス業,0.1497%,TOPIX Mid400
20250731,クリーク・アンド・リバー社,4763,サービス業,0.0019%,TOPIX Small 2
20250731,ＳＢＩグローバルアセットマネジメント,4765,サービス業,0.0030%,TOPIX Small 2
20250731,テー・オー・ダブリュー,4767,サービス業,0.0014%,TOPIX Small 2
20250731,大塚商会,4768,情報・通信業,0.0781%,TOPIX Mid400
20250731,サイボウズ,4776,情報・通信業,0.0134%,TOPIX Small 1
20250731,ＧＭＯインターネット,4784,サービス業,0.0009%,TOPIX Small 2
20250731,山田コンサルティンググループ,4792,サービス業,0.0021%,TOPIX Small 2
20250731,セントラルスポーツ,4801,サービス業,0.0023%,TOPIX Small 2
20250731,パラカ,4809,不動産業,0.0012%,TOPIX Small 2
20250731,電通総研,4812,情報・通信業,0.0194%,TOPIX Small 1
20250731,ＡＣＣＥＳＳ,4813,情報・通信業,0.0018%,TOPIX Small 2
20250731,デジタルガレージ,4819,情報・通信業,0.0154%,TOPIX Small 1
20250731,イーエムシステムズ,4820,情報・通信業,0.0024%,TOPIX Small 2
20250731,ウェザーニューズ,4825,情報・通信業,0.0085%,TOPIX Small 1
20250731,ＣＩＪ,4826,情報・通信業,0.0033%,TOPIX Small 2
20250731,ビジネスエンジニアリング,4828,情報・通信業,0.0029%,TOPIX Small 2
20250731,ＷＯＷＯＷ,4839,情報・通信業,0.0026%,TOPIX Small 2
20250731,スカラ,4845,情報・通信業,0.0010%,TOPIX Small 2
20250731,フルキャストホールディングス,4848,サービス業,0.0032%,TOPIX Small 2
20250731,エン・ジャパン,4849,サービス業,0.0071%,TOPIX Small 1
20250731,セルソース,4880,医薬品,0.0010%,TOPIX Small 2
20250731,あすか製薬ホールディングス,4886,医薬品,0.0051%,TOPIX Small 2
20250731,サワイグループホールディングス,4887,医薬品,0.0242%,TOPIX Mid400
20250731,富士フイルムホールディングス,4901,化学,0.4571%,TOPIX Large70
20250731,コニカミノルタ,4902,電気機器,0.0265%,TOPIX Mid400
20250731,資生堂,4911,化学,0.1144%,TOPIX Large70
20250731,ライオン,4912,化学,0.0407%,TOPIX Mid400
20250731,高砂香料工業,4914,化学,0.0118%,TOPIX Small 2
20250731,マンダム,4917,化学,0.0069%,TOPIX Small 1
20250731,ミルボン,4919,化学,0.0099%,TOPIX Small 1
20250731,コーセー,4922,化学,0.0316%,TOPIX Mid400
20250731,コタ,4923,化学,0.0035%,TOPIX Small 2
20250731,ポーラ・オルビスホールディングス,4927,化学,0.0157%,TOPIX Mid400
20250731,ノエビアホールディングス,4928,化学,0.0099%,TOPIX Small 1
20250731,新日本製薬,4931,化学,0.0031%,TOPIX Small 2
20250731,Ｉ－ｎｅ,4933,化学,0.0011%,TOPIX Small 2
20250731,アクシージア,4936,化学,0.0007%,TOPIX Small 2
20250731,エステー,4951,化学,0.0027%,TOPIX Small 2
20250731,コニシ,4956,化学,0.0092%,TOPIX Small 2
20250731,長谷川香料,4958,化学,0.0144%,TOPIX Small 1
20250731,小林製薬,4967,化学,0.0334%,TOPIX Mid400
20250731,荒川化学工業,4968,化学,0.0025%,TOPIX Small 2
20250731,メック,4971,化学,0.0051%,TOPIX Small 1
20250731,日本高純度化学,4973,化学,0.0019%,TOPIX Small 2
20250731,タカラバイオ,4974,化学,0.0067%,TOPIX Small 1
20250731,ＪＣＵ,4975,化学,0.0094%,TOPIX Small 1
20250731,ＯＡＴアグリオ,4979,化学,0.0022%,TOPIX Small 2
20250731,デクセリアルズ,4980,化学,0.0451%,TOPIX Mid400
20250731,アース製薬,4985,化学,0.0107%,TOPIX Small 1
20250731,北興化学工業,4992,化学,0.0027%,TOPIX Small 2
20250731,大成ラミックグループ,4994,化学,0.0018%,TOPIX Small 2
20250731,クミアイ化学工業,4996,化学,0.0087%,TOPIX Small 1
20250731,日本農薬,4997,化学,0.0033%,TOPIX Small 2
20250731,ニチレキグループ,5011,石油・石炭製品,0.0076%,TOPIX Small 2
20250731,ユシロ,5013,石油・石炭製品,0.0027%,TOPIX Small 2
20250731,ＪＸ金属,5016,非鉄金属,0.0557%,TOPIX Mid400
20250731,富士石油,5017,石油・石炭製品,0.0021%,TOPIX Small 2
20250731,出光興産,5019,石油・石炭製品,0.1006%,TOPIX Mid400
20250731,ＥＮＥＯＳホールディングス,5020,石油・石炭製品,0.2886%,TOPIX Large70
20250731,コスモエネルギーホールディングス,5021,石油・石炭製品,0.0532%,TOPIX Mid400
20250731,ＡＮＹＣＯＬＯＲ,5032,情報・通信業,0.0156%,TOPIX Small 1
20250731,テスホールディングス,5074,建設業,0.0025%,TOPIX Small 2
20250731,インフロニア・ホールディングス,5076,建設業,0.0316%,TOPIX Mid400
20250731,横浜ゴム,5101,ゴム製品,0.0583%,TOPIX Mid400
20250731,ＴＯＹＯ　ＴＩＲＥ,5105,ゴム製品,0.0486%,TOPIX Mid400
20250731,ブリヂストン,5108,ゴム製品,0.4311%,TOPIX Large70
20250731,住友ゴム工業,5110,ゴム製品,0.0450%,TOPIX Mid400
20250731,藤倉コンポジット,5121,ゴム製品,0.0037%,TOPIX Small 2
20250731,オカモト,5122,ゴム製品,0.0065%,TOPIX Small 2
20250731,アキレス,5142,化学,0.0014%,TOPIX Small 2
20250731,フコク,5185,ゴム製品,0.0025%,TOPIX Small 2
20250731,ニッタ,5186,ゴム製品,0.0097%,TOPIX Small 2
20250731,住友理工,5191,ゴム製品,0.0089%,TOPIX Small 1
20250731,三ツ星ベルト,5192,ゴム製品,0.0120%,TOPIX Small 1
20250731,バンドー化学,5195,ゴム製品,0.0064%,TOPIX Small 2
20250731,ＡＧＣ,5201,ガラス・土石製品,0.1062%,TOPIX Mid400
20250731,日本板硝子,5202,ガラス・土石製品,0.0062%,TOPIX Small 1
20250731,有沢製作所,5208,化学,0.0056%,TOPIX Small 1
20250731,日本電気硝子,5214,ガラス・土石製品,0.0325%,TOPIX Mid400
20250731,オハラ,5218,ガラス・土石製品,0.0011%,TOPIX Small 2
20250731,住友大阪セメント,5232,ガラス・土石製品,0.0165%,TOPIX Mid400
20250731,太平洋セメント,5233,ガラス・土石製品,0.0550%,TOPIX Mid400
20250731,日本ヒューム,5262,ガラス・土石製品,0.0055%,TOPIX Small 2
20250731,日本コンクリート工業,5269,ガラス・土石製品,0.0014%,TOPIX Small 2
20250731,三谷セキサン,5273,ガラス・土石製品,0.0073%,TOPIX Small 2
20250731,アジアパイルホールディングス,5288,ガラス・土石製品,0.0034%,TOPIX Small 2
20250731,東海カーボン,5301,ガラス・土石製品,0.0250%,TOPIX Mid400
20250731,日本カーボン,5302,ガラス・土石製品,0.0057%,TOPIX Small 1
20250731,東洋炭素,5310,ガラス・土石製品,0.0101%,TOPIX Small 1
20250731,ノリタケ,5331,ガラス・土石製品,0.0112%,TOPIX Small 1
20250731,ＴＯＴＯ,5332,ガラス・土石製品,0.0678%,TOPIX Mid400
20250731,日本碍子,5333,ガラス・土石製品,0.0512%,TOPIX Mid400
20250731,日本特殊陶業,5334,ガラス・土石製品,0.1025%,TOPIX Mid400
20250731,ＭＡＲＵＷＡ,5344,ガラス・土石製品,0.0458%,TOPIX Mid400
20250731,品川リフラクトリーズ,5351,ガラス・土石製品,0.0051%,TOPIX Small 1
20250731,黒崎播磨,5352,ガラス・土石製品,0.0056%,TOPIX Small 1
20250731,ヨータイ,5357,ガラス・土石製品,0.0021%,TOPIX Small 2
20250731,フジミインコーポレーテッド,5384,ガラス・土石製品,0.0147%,TOPIX Small 1
20250731,ニチアス,5393,ガラス・土石製品,0.0354%,TOPIX Mid400
20250731,日本製鉄,5401,鉄鋼,0.3653%,TOPIX Large70
20250731,神戸製鋼所,5406,鉄鋼,0.0827%,TOPIX Mid400
20250731,中山製鋼所,5408,鉄鋼,0.0033%,TOPIX Small 1
20250731,合同製鐵,5410,鉄鋼,0.0053%,TOPIX Small 1
20250731,ＪＦＥホールディングス,5411,鉄鋼,0.1303%,TOPIX Mid400
20250731,東京製鐵,5423,鉄鋼,0.0109%,TOPIX Small 1
20250731,共英製鋼,5440,鉄鋼,0.0052%,TOPIX Small 1
20250731,大和工業,5444,鉄鋼,0.0396%,TOPIX Mid400
20250731,東京鐵鋼,5445,鉄鋼,0.0060%,TOPIX Small 1
20250731,大阪製鐵,5449,鉄鋼,0.0029%,TOPIX Small 2
20250731,淀川製鋼所,5451,鉄鋼,0.0133%,TOPIX Small 1
20250731,中部鋼鈑,5461,鉄鋼,0.0044%,TOPIX Small 1
20250731,丸一鋼管,5463,鉄鋼,0.0277%,TOPIX Mid400
20250731,モリ工業,5464,鉄鋼,0.0028%,TOPIX Small 2
20250731,大同特殊鋼,5471,鉄鋼,0.0181%,TOPIX Mid400
20250731,日本冶金工業,5480,鉄鋼,0.0070%,TOPIX Small 1
20250731,愛知製鋼,5482,鉄鋼,0.0126%,TOPIX Small 1
20250731,大平洋金属,5541,鉄鋼,0.0042%,TOPIX Small 2
20250731,新日本電工,5563,鉄鋼,0.0038%,TOPIX Small 1
20250731,栗本鐵工所,5602,鉄鋼,0.0090%,TOPIX Small 2
20250731,日本製鋼所,5631,機械,0.0691%,TOPIX Mid400
20250731,三菱製鋼,5632,鉄鋼,0.0030%,TOPIX Small 2
20250731,日本精線,5659,鉄鋼,0.0021%,TOPIX Small 2
20250731,エンビプロ・ホールディングス,5698,鉄鋼,0.0012%,TOPIX Small 2
20250731,大紀アルミニウム工業所,5702,非鉄金属,0.0037%,TOPIX Small 1
20250731,日本軽金属ホールディングス,5703,非鉄金属,0.0127%,TOPIX Small 1
20250731,三井金属鉱業,5706,非鉄金属,0.0398%,TOPIX Mid400
20250731,東邦亜鉛,5707,非鉄金属,0.0014%,TOPIX Small 2
20250731,三菱マテリアル,5711,非鉄金属,0.0410%,TOPIX Mid400
20250731,住友金属鉱山,5713,非鉄金属,0.1049%,TOPIX Mid400
20250731,ＤＯＷＡホールディングス,5714,非鉄金属,0.0330%,TOPIX Mid400
20250731,古河機械金属,5715,非鉄金属,0.0071%,TOPIX Small 2
20250731,大阪チタニウムテクノロジーズ,5726,非鉄金属,0.0071%,TOPIX Small 1
20250731,東邦チタニウム,5727,非鉄金属,0.0070%,TOPIX Small 1
20250731,ＵＡＣＪ,5741,非鉄金属,0.0199%,TOPIX Small 1
20250731,ＣＫサンエツ,5757,非鉄金属,0.0023%,TOPIX Small 2
20250731,古河電気工業,5801,非鉄金属,0.0757%,TOPIX Mid400
20250731,住友電気工業,5802,非鉄金属,0.3207%,TOPIX Large70
20250731,フジクラ,5803,非鉄金属,0.2749%,TOPIX Mid400
20250731,ＳＷＣＣ,5805,非鉄金属,0.0304%,TOPIX Small 1
20250731,平河ヒューテック,5821,非鉄金属,0.0027%,TOPIX Small 2
20250731,いよぎんホールディングス,5830,銀行業,0.0546%,TOPIX Mid400
20250731,しずおかフィナンシャルグループ,5831,銀行業,0.0931%,TOPIX Mid400
20250731,ちゅうぎんフィナンシャルグループ,5832,銀行業,0.0391%,TOPIX Mid400
20250731,楽天銀行,5838,銀行業,0.0775%,TOPIX Mid400
20250731,京都フィナンシャルグループ,5844,銀行業,0.0814%,TOPIX Mid400
20250731,リョービ,5851,非鉄金属,0.0067%,TOPIX Small 1
20250731,ＡＲＥホールディングス,5857,非鉄金属,0.0179%,TOPIX Small 1
20250731,東洋製罐グループホールディングス,5901,金属製品,0.0458%,TOPIX Mid400
20250731,ホッカンホールディングス,5902,金属製品,0.0027%,TOPIX Small 2
20250731,コロナ,5909,金属製品,0.0013%,TOPIX Small 2
20250731,横河ブリッジホールディングス,5911,金属製品,0.0114%,TOPIX Small 1
20250731,三和ホールディングス,5929,金属製品,0.0992%,TOPIX Mid400
20250731,文化シヤッター,5930,金属製品,0.0166%,TOPIX Small 1
20250731,三協立山,5932,金属製品,0.0019%,TOPIX Small 2
20250731,アルインコ,5933,金属製品,0.0020%,TOPIX Small 2
20250731,ＬＩＸＩＬ,5938,金属製品,0.0632%,TOPIX Mid400
20250731,ノーリツ,5943,金属製品,0.0084%,TOPIX Small 1
20250731,長府製作所,5946,金属製品,0.0049%,TOPIX Small 2
20250731,リンナイ,5947,金属製品,0.0482%,TOPIX Mid400
20250731,ユニプレス,5949,輸送用機器,0.0043%,TOPIX Small 1
20250731,日東精工,5957,金属製品,0.0020%,TOPIX Small 2
20250731,岡部,5959,金属製品,0.0038%,TOPIX Small 2
20250731,ジーテクト,5970,金属製品,0.0051%,TOPIX Small 1
20250731,東プレ,5975,金属製品,0.0090%,TOPIX Small 1
20250731,高周波熱錬,5976,金属製品,0.0041%,TOPIX Small 2
20250731,東京製綱,5981,金属製品,0.0020%,TOPIX Small 2
20250731,サンコール,5985,金属製品,0.0011%,TOPIX Small 2
20250731,パイオラックス,5988,金属製品,0.0058%,TOPIX Small 1
20250731,エイチワン,5989,金属製品,0.0036%,TOPIX Small 2
20250731,日本発條,5991,金属製品,0.0355%,TOPIX Mid400
20250731,中央発條,5992,金属製品,0.0049%,TOPIX Small 2
20250731,三浦工業,6005,機械,0.0340%,TOPIX Mid400
20250731,タクマ,6013,機械,0.0174%,TOPIX Small 1
20250731,テクノプロ・ホールディングス,6028,サービス業,0.0721%,TOPIX Mid400
20250731,アイ・アールジャパンホールディングス,6035,サービス業,0.0010%,TOPIX Small 2
20250731,ＫｅｅＰｅｒ技研,6036,サービス業,0.0050%,TOPIX Small 1
20250731,Ｇｕｎｏｓｙ,6047,サービス業,0.0013%,TOPIX Small 2
20250731,イー・ガーディアン,6050,サービス業,0.0017%,TOPIX Small 2
20250731,ジャパンマテリアル,6055,サービス業,0.0105%,TOPIX Small 1
20250731,ベクトル,6058,サービス業,0.0037%,TOPIX Small 2
20250731,チャーム・ケア・コーポレーション,6062,サービス業,0.0027%,TOPIX Small 2
20250731,キャリアリンク,6070,サービス業,0.0020%,TOPIX Small 2
20250731,ＩＢＪ,6071,サービス業,0.0016%,TOPIX Small 2
20250731,アサンテ,6073,サービス業,0.0020%,TOPIX Small 2
20250731,バリューＨＲ,6078,サービス業,0.0037%,TOPIX Small 2
20250731,Ｍ＆Ａキャピタルパートナーズ,6080,サービス業,0.0059%,TOPIX Small 1
20250731,ライドオンエクスプレスホールディングス,6082,サービス業,0.0010%,TOPIX Small 2
20250731,シグマクシス・ホールディングス,6088,サービス業,0.0087%,TOPIX Small 1
20250731,ウィルグループ,6089,サービス業,0.0020%,TOPIX Small 2
20250731,メドピア,6095,サービス業,0.0014%,TOPIX Small 2
20250731,リクルートホールディングス,6098,サービス業,1.6484%,TOPIX Core30
20250731,エラン,6099,サービス業,0.0019%,TOPIX Small 2
20250731,ツガミ,6101,機械,0.0108%,TOPIX Small 1
20250731,オークマ,6103,機械,0.0175%,TOPIX Small 1
20250731,芝浦機械,6104,機械,0.0121%,TOPIX Small 1
20250731,アマダ,6113,機械,0.0552%,TOPIX Mid400
20250731,アイダエンジニアリング,6118,機械,0.0050%,TOPIX Small 1
20250731,ＦＵＪＩ,6134,機械,0.0299%,TOPIX Mid400
20250731,牧野フライス製作所,6135,機械,0.0307%,TOPIX Small 1
20250731,オーエスジー,6136,機械,0.0174%,TOPIX Mid400
20250731,旭ダイヤモンド工業,6140,機械,0.0045%,TOPIX Small 1
20250731,ＤＭＧ森精機,6141,機械,0.0578%,TOPIX Mid400
20250731,ソディック,6143,機械,0.0052%,TOPIX Small 1
20250731,ディスコ,6146,機械,0.5309%,TOPIX Large70
20250731,日東工器,6151,機械,0.0017%,TOPIX Small 2
20250731,日進工具,6157,機械,0.0016%,TOPIX Small 2
20250731,冨士ダイス,6167,機械,0.0014%,TOPIX Small 2
20250731,日本郵政,6178,サービス業,0.3428%,TOPIX Large70
20250731,ベルシステム２４ホールディングス,6183,サービス業,0.0036%,TOPIX Small 1
20250731,鎌倉新書,6184,サービス業,0.0012%,TOPIX Small 2
20250731,エアトリ,6191,サービス業,0.0018%,TOPIX Small 2
20250731,アトラエ,6194,サービス業,0.0015%,TOPIX Small 2
20250731,ストライク,6196,サービス業,0.0048%,TOPIX Small 1
20250731,ソラスト,6197,サービス業,0.0029%,TOPIX Small 1
20250731,セラク,6199,サービス業,0.0012%,TOPIX Small 2
20250731,インソース,6200,サービス業,0.0049%,TOPIX Small 1
20250731,豊田自動織機,6201,輸送用機器,0.3325%,TOPIX Mid400
20250731,リケンＮＰＲ,6209,機械,0.0077%,TOPIX Small 1
20250731,島精機製作所,6222,機械,0.0041%,TOPIX Small 1
20250731,オプトラン,6235,機械,0.0065%,TOPIX Small 1
20250731,イワキ,6237,機械,0.0043%,TOPIX Small 2
20250731,フリュー,6238,機械,0.0024%,TOPIX Small 2
20250731,ヤマシンフィルタ,6240,機械,0.0033%,TOPIX Small 2
20250731,日阪製作所,6247,機械,0.0038%,TOPIX Small 2
20250731,やまびこ,6250,機械,0.0088%,TOPIX Small 1
20250731,野村マイクロ・サイエンス,6254,機械,0.0111%,TOPIX Small 1
20250731,平田機工,6258,機械,0.0074%,TOPIX Small 1
20250731,ＰＥＧＡＳＵＳ,6262,機械,0.0015%,TOPIX Small 2
20250731,マルマエ,6264,機械,0.0015%,TOPIX Small 2
20250731,タツモ,6266,機械,0.0036%,TOPIX Small 1
20250731,ナブテスコ,6268,機械,0.0395%,TOPIX Mid400
20250731,三井海洋開発,6269,機械,0.0395%,TOPIX Small 1
20250731,レオン自動機,6272,機械,0.0035%,TOPIX Small 2
20250731,ＳＭＣ,6273,機械,0.3618%,TOPIX Large70
20250731,ホソカワミクロン,6277,機械,0.0099%,TOPIX Small 1
20250731,ユニオンツール,6278,機械,0.0067%,TOPIX Small 1
20250731,瑞光,6279,機械,0.0021%,TOPIX Small 2
20250731,オイレス工業,6282,機械,0.0071%,TOPIX Small 2
20250731,日精エー・エス・ビー機械,6284,機械,0.0063%,TOPIX Small 1
20250731,サトー,6287,機械,0.0065%,TOPIX Small 1
20250731,技研製作所,6289,機械,0.0033%,TOPIX Small 1
20250731,日本エアーテック,6291,機械,0.0012%,TOPIX Small 2
20250731,日精樹脂工業,6293,機械,0.0014%,TOPIX Small 2
20250731,ワイエイシイホールディングス,6298,機械,0.0020%,TOPIX Small 2
20250731,小松製作所,6301,機械,0.5801%,TOPIX Large70
20250731,住友重機械工業,6302,機械,0.0482%,TOPIX Mid400
20250731,日立建機,6305,機械,0.0423%,TOPIX Mid400
20250731,日工,6306,機械,0.0027%,TOPIX Small 2
20250731,巴工業,6309,機械,0.0045%,TOPIX Small 2
20250731,井関農機,6310,機械,0.0032%,TOPIX Small 2
20250731,ＴＯＷＡ,6315,機械,0.0141%,TOPIX Small 1
20250731,北川鉄工所,6317,機械,0.0014%,TOPIX Small 2
20250731,ローツェ,6323,機械,0.0261%,TOPIX Mid400
20250731,クボタ,6326,機械,0.2090%,TOPIX Large70
20250731,荏原実業,6328,機械,0.0050%,TOPIX Small 2
20250731,東洋エンジニアリング,6330,建設業,0.0047%,TOPIX Small 2
20250731,三菱化工機,6331,機械,0.0057%,TOPIX Small 2
20250731,月島ホールディングス,6332,機械,0.0073%,TOPIX Small 2
20250731,帝国電機製作所,6333,機械,0.0051%,TOPIX Small 2
20250731,新東工業,6339,機械,0.0049%,TOPIX Small 2
20250731,澁谷工業,6340,機械,0.0083%,TOPIX Small 2
20250731,アイチ　コーポレーション,6345,機械,0.0052%,TOPIX Small 2
20250731,小森コーポレーション,6349,機械,0.0084%,TOPIX Small 2
20250731,鶴見製作所,6351,機械,0.0067%,TOPIX Small 2
20250731,酒井重工業,6358,機械,0.0020%,TOPIX Small 2
20250731,荏原製作所,6361,機械,0.1391%,TOPIX Mid400
20250731,酉島製作所,6363,機械,0.0045%,TOPIX Small 1
20250731,ＡＩＲＭＡＮ,6364,機械,0.0050%,TOPIX Small 2
20250731,ダイキン工業,6367,機械,0.5868%,TOPIX Core30
20250731,オルガノ,6368,機械,0.0353%,TOPIX Small 1
20250731,トーヨーカネツ,6369,機械,0.0035%,TOPIX Small 2
20250731,栗田工業,6370,機械,0.0793%,TOPIX Mid400
20250731,椿本チエイン,6371,機械,0.0223%,TOPIX Small 1
20250731,日機装,6376,精密機器,0.0076%,TOPIX Small 1
20250731,木村化工機,6378,機械,0.0019%,TOPIX Small 2
20250731,レイズネクスト,6379,建設業,0.0063%,TOPIX Small 2
20250731,アネスト岩田,6381,機械,0.0065%,TOPIX Small 2
20250731,ダイフク,6383,機械,0.1582%,TOPIX Mid400
20250731,サムコ,6387,機械,0.0019%,TOPIX Small 2
20250731,タダノ,6395,機械,0.0140%,TOPIX Mid400
20250731,フジテック,6406,機械,0.0436%,TOPIX Mid400
20250731,ＣＫＤ,6407,機械,0.0183%,TOPIX Small 1
20250731,平和,6412,機械,0.0168%,TOPIX Small 1
20250731,理想科学工業,6413,機械,0.0045%,TOPIX Small 2
20250731,ＳＡＮＫＹＯ,6417,機械,0.0788%,TOPIX Mid400
20250731,日本金銭機械,6418,機械,0.0028%,TOPIX Small 2
20250731,マースグループホールディングス,6419,機械,0.0048%,TOPIX Small 1
20250731,ガリレイ,6420,機械,0.0118%,TOPIX Small 2
20250731,ダイコク電機,6430,機械,0.0024%,TOPIX Small 1
20250731,竹内製作所,6432,機械,0.0238%,TOPIX Small 1
20250731,アマノ,6436,機械,0.0290%,TOPIX Mid400
20250731,ＪＵＫＩ,6440,機械,0.0015%,TOPIX Small 2
20250731,ジャノメ,6445,機械,0.0022%,TOPIX Small 2
20250731,ブラザー工業,6448,電気機器,0.0833%,TOPIX Mid400
20250731,マックス,6454,機械,0.0148%,TOPIX Small 1
20250731,モリタホールディングス,6455,輸送用機器,0.0087%,TOPIX Small 2
20250731,グローリー,6457,機械,0.0246%,TOPIX Mid400
20250731,新晃工業,6458,機械,0.0090%,TOPIX Small 1
20250731,大和冷機工業,6459,機械,0.0062%,TOPIX Small 2
20250731,セガサミーホールディングス,6460,機械,0.0615%,TOPIX Mid400
20250731,ＴＰＲ,6463,機械,0.0065%,TOPIX Small 1
20250731,ツバキ・ナカシマ,6464,機械,0.0020%,TOPIX Small 1
20250731,ホシザキ,6465,機械,0.0809%,TOPIX Mid400
20250731,大豊工業,6470,機械,0.0013%,TOPIX Small 2
20250731,日本精工,6471,機械,0.0325%,TOPIX Mid400
20250731,ＮＴＮ,6472,機械,0.0148%,TOPIX Mid400
20250731,ジェイテクト,6473,機械,0.0262%,TOPIX Mid400
20250731,不二越,6474,機械,0.0058%,TOPIX Small 1
20250731,ミネベアミツミ,6479,電気機器,0.1009%,TOPIX Mid400
20250731,日本トムソン,6480,機械,0.0040%,TOPIX Small 2
20250731,ＴＨＫ,6481,機械,0.0596%,TOPIX Mid400
20250731,ＹＵＳＨＩＮ,6482,機械,0.0014%,TOPIX Small 2
20250731,前澤給装工業,6485,機械,0.0022%,TOPIX Small 2
20250731,イーグル工業,6486,機械,0.0065%,TOPIX Small 1
20250731,ＰＩＬＬＡＲ,6490,機械,0.0088%,TOPIX Small 1
20250731,キッツ,6498,機械,0.0110%,TOPIX Small 1
20250731,日立製作所,6501,電気機器,2.8904%,TOPIX Core30
20250731,三菱電機,6503,電気機器,0.8223%,TOPIX Core30
20250731,富士電機,6504,電気機器,0.1115%,TOPIX Mid400
20250731,安川電機,6506,電気機器,0.0836%,TOPIX Mid400
20250731,シンフォニアテクノロジー,6507,電気機器,0.0231%,TOPIX Small 1
20250731,明電舎,6508,電気機器,0.0234%,TOPIX Small 1
20250731,山洋電気,6516,電気機器,0.0098%,TOPIX Small 1
20250731,デンヨー,6517,電気機器,0.0053%,TOPIX Small 2
20250731,ＰＨＣホールディングス,6523,電気機器,0.0042%,TOPIX Small 1
20250731,ＫＯＫＵＳＡＩ　ＥＬＥＣＴＲＩＣ,6525,電気機器,0.0582%,TOPIX Mid400
20250731,ソシオネクスト,6526,電気機器,0.0702%,TOPIX Mid400
20250731,ベイカレント,6532,サービス業,0.1570%,TOPIX Mid400
20250731,Ｏｒｃｈｅｓｔｒａ　Ｈｏｌｄｉｎｇｓ,6533,サービス業,0.0004%,TOPIX Small 2
20250731,アイモバイル,6535,サービス業,0.0023%,TOPIX Small 2
20250731,ＭＳ－Ｊａｐａｎ,6539,サービス業,0.0013%,TOPIX Small 2
20250731,ジャパンエレベーターサービスホールディングス,6544,サービス業,0.0389%,TOPIX Small 1
20250731,エル・ティー・エス,6560,サービス業,0.0008%,TOPIX Small 2
20250731,ミダックホールディングス,6564,サービス業,0.0032%,TOPIX Small 2
20250731,キュービーネットホールディングス,6571,サービス業,0.0017%,TOPIX Small 2
20250731,オープングループ,6572,サービス業,0.0015%,TOPIX Small 2
20250731,三櫻工業,6584,輸送用機器,0.0023%,TOPIX Small 2
20250731,マキタ,6586,機械,0.1415%,TOPIX Mid400
20250731,東芝テック,6588,電気機器,0.0109%,TOPIX Small 1
20250731,芝浦メカトロニクス,6590,電気機器,0.0189%,TOPIX Small 1
20250731,マブチモーター,6592,電気機器,0.0255%,TOPIX Mid400
20250731,ニデック,6594,電気機器,0.3111%,TOPIX Large70
20250731,ユー・エム・シー・エレクトロニクス,6615,電気機器,0.0004%,TOPIX Small 2
20250731,トレックス・セミコンダクター,6616,電気機器,0.0018%,TOPIX Small 2
20250731,東光高岳,6617,電気機器,0.0038%,TOPIX Small 2
20250731,ダブル・スコープ,6619,電気機器,0.0018%,TOPIX Small 2
20250731,宮越ホールディングス,6620,不動産業,0.0014%,TOPIX Small 2
20250731,ダイヘン,6622,電気機器,0.0163%,TOPIX Small 1
20250731,ヤーマン,6630,電気機器,0.0039%,TOPIX Small 1
20250731,ＪＶＣケンウッド,6632,電気機器,0.0228%,TOPIX Mid400
20250731,ミマキエンジニアリング,6638,電気機器,0.0044%,TOPIX Small 2
20250731,大崎電気工業,6644,電気機器,0.0054%,TOPIX Small 2
20250731,オムロン,6645,電気機器,0.0869%,TOPIX Mid400
20250731,日東工業,6651,電気機器,0.0109%,TOPIX Small 1
20250731,ＩＤＥＣ,6652,電気機器,0.0077%,TOPIX Small 1
20250731,ジーエス・ユアサ　コーポレーション,6674,電気機器,0.0295%,TOPIX Mid400
20250731,バッファロー,6676,電気機器,0.0011%,TOPIX Small 2
20250731,テクノメディカ,6678,電気機器,0.0009%,TOPIX Small 2
20250731,ダイヤモンドエレクトリックホールディングス,6699,電気機器,0.0006%,TOPIX Small 2
20250731,日本電気,6701,電気機器,0.7525%,TOPIX Large70
20250731,富士通,6702,電気機器,0.7357%,TOPIX Large70
20250731,沖電気工業,6703,電気機器,0.0185%,TOPIX Small 1
20250731,電気興業,6706,電気機器,0.0021%,TOPIX Small 2
20250731,サンケン電気,6707,電気機器,0.0214%,TOPIX Mid400
20250731,アイホン,6718,電気機器,0.0042%,TOPIX Small 2
20250731,ルネサスエレクトロニクス,6723,電気機器,0.4377%,TOPIX Large70
20250731,セイコーエプソン,6724,電気機器,0.0580%,TOPIX Mid400
20250731,ワコム,6727,電気機器,0.0103%,TOPIX Small 1
20250731,アルバック,6728,電気機器,0.0297%,TOPIX Mid400
20250731,アクセル,6730,電気機器,0.0012%,TOPIX Small 2
20250731,ＥＩＺＯ,6737,電気機器,0.0068%,TOPIX Small 1
20250731,ジャパンディスプレイ,6740,電気機器,0.0019%,TOPIX Small 2
20250731,日本信号,6741,電気機器,0.0062%,TOPIX Small 2
20250731,京三製作所,6742,電気機器,0.0028%,TOPIX Small 2
20250731,能美防災,6744,電気機器,0.0129%,TOPIX Small 2
20250731,ホーチキ,6745,電気機器,0.0045%,TOPIX Small 2
20250731,エレコム,6750,電気機器,0.0113%,TOPIX Small 1
20250731,パナソニック　ホールディングス,6752,電気機器,0.4117%,TOPIX Large70
20250731,シャープ,6753,電気機器,0.0251%,TOPIX Mid400
20250731,アンリツ,6754,電気機器,0.0280%,TOPIX Mid400
20250731,富士通ゼネラル,6755,電気機器,0.0055%,TOPIX Small 1
20250731,ソニーグループ,6758,電気機器,3.0421%,TOPIX Core30
20250731,ＴＤＫ,6762,電気機器,0.3880%,TOPIX Large70
20250731,帝国通信工業,6763,電気機器,0.0026%,TOPIX Small 2
20250731,タムラ製作所,6768,電気機器,0.0047%,TOPIX Small 1
20250731,アルプスアルパイン,6770,電気機器,0.0314%,TOPIX Mid400
20250731,日本電波工業,6779,電気機器,0.0019%,TOPIX Small 2
20250731,鈴木,6785,電気機器,0.0024%,TOPIX Small 2
20250731,メイコー,6787,電気機器,0.0180%,TOPIX Small 1
20250731,日本トリム,6788,電気機器,0.0025%,TOPIX Small 2
20250731,フォスター電機,6794,電気機器,0.0047%,TOPIX Small 2
20250731,ＳＭＫ,6798,電気機器,0.0013%,TOPIX Small 2
20250731,ヨコオ,6800,電気機器,0.0034%,TOPIX Small 1
20250731,ホシデン,6804,電気機器,0.0140%,TOPIX Small 1
20250731,ヒロセ電機,6806,電気機器,0.0673%,TOPIX Mid400
20250731,日本航空電子工業,6807,電気機器,0.0153%,TOPIX Small 1
20250731,ＴＯＡ,6809,電気機器,0.0026%,TOPIX Small 2
20250731,マクセル,6810,電気機器,0.0093%,TOPIX Small 1
20250731,古野電気,6814,電気機器,0.0125%,TOPIX Small 1
20250731,スミダコーポレーション,6817,電気機器,0.0043%,TOPIX Small 2
20250731,アイコム,6820,電気機器,0.0027%,TOPIX Small 2
20250731,リオン,6823,電気機器,0.0026%,TOPIX Small 2
20250731,横河電機,6841,電気機器,0.1066%,TOPIX Mid400
20250731,新電元工業,6844,電気機器,0.0024%,TOPIX Small 2
20250731,アズビル,6845,電気機器,0.0896%,TOPIX Mid400
20250731,日本光電工業,6849,電気機器,0.0358%,TOPIX Mid400
20250731,チノー,6850,電気機器,0.0024%,TOPIX Small 2
20250731,日本電子材料,6855,電気機器,0.0036%,TOPIX Small 2
20250731,堀場製作所,6856,電気機器,0.0510%,TOPIX Mid400
20250731,アドバンテスト,6857,電気機器,0.7812%,TOPIX Large70
20250731,エスペック,6859,電気機器,0.0068%,TOPIX Small 1
20250731,キーエンス,6861,電気機器,1.3227%,TOPIX Core30
20250731,日置電機,6866,電気機器,0.0070%,TOPIX Small 1
20250731,シスメックス,6869,電気機器,0.1536%,TOPIX Large70
20250731,日本マイクロニクス,6871,電気機器,0.0221%,TOPIX Small 1
20250731,メガチップス,6875,電気機器,0.0102%,TOPIX Small 1
20250731,ＯＢＡＲＡ　ＧＲＯＵＰ,6877,電気機器,0.0051%,TOPIX Small 2
20250731,ＩＭＡＧＩＣＡ　ＧＲＯＵＰ,6879,情報・通信業,0.0006%,TOPIX Small 2
20250731,デンソー,6902,輸送用機器,0.4824%,TOPIX Large70
20250731,コーセル,6905,電気機器,0.0035%,TOPIX Small 2
20250731,イリソ電子工業,6908,電気機器,0.0070%,TOPIX Small 1
20250731,オプテックスグループ,6914,電気機器,0.0069%,TOPIX Small 1
20250731,千代田インテグレ,6915,電気機器,0.0022%,TOPIX Small 2
20250731,レーザーテック,6920,電気機器,0.1442%,TOPIX Large70
20250731,スタンレー電気,6923,電気機器,0.0389%,TOPIX Mid400
20250731,ウシオ電機,6925,電気機器,0.0169%,TOPIX Mid400
20250731,日本セラミック,6929,電気機器,0.0058%,TOPIX Small 1
20250731,古河電池,6937,電気機器,0.0024%,TOPIX Small 2
20250731,山一電機,6941,電気機器,0.0057%,TOPIX Small 1
20250731,図研,6947,電気機器,0.0128%,TOPIX Small 1
20250731,日本電子,6951,電気機器,0.0243%,TOPIX Mid400
20250731,カシオ計算機,6952,電気機器,0.0230%,TOPIX Mid400
20250731,ファナック,6954,電気機器,0.4885%,TOPIX Large70
20250731,日本シイエムケイ,6958,電気機器,0.0026%,TOPIX Small 2
20250731,エンプラス,6961,電気機器,0.0037%,TOPIX Small 1
20250731,大真空,6962,電気機器,0.0015%,TOPIX Small 2
20250731,ローム,6963,電気機器,0.0828%,TOPIX Mid400
20250731,浜松ホトニクス,6965,電気機器,0.0741%,TOPIX Mid400
20250731,三井ハイテック,6966,電気機器,0.0082%,TOPIX Small 1
20250731,京セラ,6971,電気機器,0.2682%,TOPIX Large70
20250731,太陽誘電,6976,電気機器,0.0300%,TOPIX Mid400
20250731,村田製作所,6981,電気機器,0.4784%,TOPIX Core30
20250731,双葉電子工業,6986,電気機器,0.0028%,TOPIX Small 2
20250731,日東電工,6988,化学,0.2386%,TOPIX Mid400
20250731,東海理化電機製作所,6995,輸送用機器,0.0155%,TOPIX Small 1
20250731,ニチコン,6996,電気機器,0.0074%,TOPIX Small 1
20250731,日本ケミコン,6997,電気機器,0.0037%,TOPIX Small 2
20250731,ＫＯＡ,6999,電気機器,0.0039%,TOPIX Small 1
20250731,三井Ｅ＆Ｓ,7003,機械,0.0410%,TOPIX Small 1
20250731,カナデビア,7004,機械,0.0203%,TOPIX Small 1
20250731,三菱重工業,7011,機械,1.5356%,TOPIX Core30
20250731,川崎重工業,7012,輸送用機器,0.2007%,TOPIX Mid400
20250731,ＩＨＩ,7013,機械,0.3294%,TOPIX Mid400
20250731,名村造船所,7014,輸送用機器,0.0213%,TOPIX Small 1
20250731,マネジメントソリューションズ,7033,サービス業,0.0023%,TOPIX Small 2
20250731,プロレド・パートナーズ,7034,サービス業,0.0004%,TOPIX Small 2
20250731,フロンティア・マネジメント,7038,サービス業,0.0006%,TOPIX Small 2
20250731,アンビスホールディングス,7071,サービス業,0.0028%,TOPIX Small 1
20250731,カーブスホールディングス,7085,サービス業,0.0050%,TOPIX Small 1
20250731,フォーラムエンジニアリング,7088,サービス業,0.0035%,TOPIX Small 2
20250731,Ｆａｓｔ　Ｆｉｔｎｅｓｓ　Ｊａｐａｎ,7092,サービス業,0.0013%,TOPIX Small 2
20250731,Ｍａｃｂｅｅ　Ｐｌａｎｅｔ,7095,サービス業,0.0024%,TOPIX Small 2
20250731,日本車輌製造,7102,輸送用機器,0.0022%,TOPIX Small 2
20250731,三菱ロジスネクスト,7105,輸送用機器,0.0075%,TOPIX Small 1
20250731,フルサト・マルカホールディングス,7128,卸売業,0.0054%,TOPIX Small 1
20250731,ヤマエグループホールディングス,7130,卸売業,0.0071%,TOPIX Small 1
20250731,ＦＰＧ,7148,証券、商品先物取引業,0.0182%,TOPIX Small 1
20250731,全国保証,7164,その他金融業,0.0398%,TOPIX Mid400
20250731,めぶきフィナンシャルグループ,7167,銀行業,0.0947%,TOPIX Mid400
20250731,ジャパンインベストメントアドバイザー,7172,証券、商品先物取引業,0.0070%,TOPIX Small 1
20250731,東京きらぼしフィナンシャルグループ,7173,銀行業,0.0198%,TOPIX Small 1
20250731,九州フィナンシャルグループ,7180,銀行業,0.0324%,TOPIX Mid400
20250731,かんぽ生命保険,7181,保険業,0.1033%,TOPIX Mid400
20250731,ゆうちょ銀行,7182,銀行業,0.3257%,TOPIX Large70
20250731,富山第一銀行,7184,銀行業,0.0082%,TOPIX Small 1
20250731,コンコルディア・フィナンシャルグループ,7186,銀行業,0.1244%,TOPIX Mid400
20250731,ジェイリース,7187,その他金融業,0.0026%,TOPIX Small 2
20250731,西日本フィナンシャルホールディングス,7189,銀行業,0.0346%,TOPIX Small 1
20250731,ＳＢＩアルヒ,7198,その他金融業,0.0020%,TOPIX Small 2
20250731,プレミアグループ,7199,その他金融業,0.0091%,TOPIX Small 1
20250731,日産自動車,7201,輸送用機器,0.0963%,TOPIX Large70
20250731,いすゞ自動車,7202,輸送用機器,0.1369%,TOPIX Mid400
20250731,トヨタ自動車,7203,輸送用機器,3.4332%,TOPIX Core30
20250731,日野自動車,7205,輸送用機器,0.0133%,TOPIX Mid400
20250731,三菱自動車工業,7211,輸送用機器,0.0366%,TOPIX Mid400
20250731,武蔵精密工業,7220,輸送用機器,0.0193%,TOPIX Small 1
20250731,日産車体,7222,輸送用機器,0.0038%,TOPIX Small 2
20250731,新明和工業,7224,輸送用機器,0.0126%,TOPIX Small 1
20250731,極東開発工業,7226,輸送用機器,0.0085%,TOPIX Small 1
20250731,トピー工業,7231,輸送用機器,0.0051%,TOPIX Small 2
20250731,ティラド,7236,輸送用機器,0.0026%,TOPIX Small 2
20250731,曙ブレーキ工業,7238,輸送用機器,0.0015%,TOPIX Small 2
20250731,タチエス,7239,輸送用機器,0.0079%,TOPIX Small 1
20250731,ＮＯＫ,7240,輸送用機器,0.0214%,TOPIX Mid400
20250731,フタバ産業,7241,輸送用機器,0.0059%,TOPIX Small 1
20250731,カヤバ,7242,輸送用機器,0.0133%,TOPIX Small 1
20250731,市光工業,7244,電気機器,0.0020%,TOPIX Small 2
20250731,大同メタル工業,7245,輸送用機器,0.0032%,TOPIX Small 2
20250731,プレス工業,7246,輸送用機器,0.0054%,TOPIX Small 1
20250731,太平洋工業,7250,輸送用機器,0.0114%,TOPIX Small 1
20250731,アイシン,7259,輸送用機器,0.0999%,TOPIX Mid400
20250731,マツダ,7261,輸送用機器,0.0670%,TOPIX Mid400
20250731,本田技研工業,7267,輸送用機器,0.8904%,TOPIX Core30
20250731,スズキ,7269,輸送用機器,0.3226%,TOPIX Large70
20250731,ＳＵＢＡＲＵ,7270,輸送用機器,0.2007%,TOPIX Large70
20250731,ヤマハ発動機,7272,輸送用機器,0.1296%,TOPIX Mid400
20250731,小糸製作所,7276,電気機器,0.0481%,TOPIX Mid400
20250731,エクセディ,7278,輸送用機器,0.0187%,TOPIX Small 1
20250731,ミツバ,7280,電気機器,0.0039%,TOPIX Small 1
20250731,豊田合成,7282,輸送用機器,0.0220%,TOPIX Mid400
20250731,愛三工業,7283,輸送用機器,0.0076%,TOPIX Small 1
20250731,ヨロズ,7294,輸送用機器,0.0023%,TOPIX Small 2
20250731,エフ・シー・シー,7296,輸送用機器,0.0127%,TOPIX Small 1
20250731,シマノ,7309,輸送用機器,0.1693%,TOPIX Large70
20250731,テイ・エス　テック,7313,輸送用機器,0.0161%,TOPIX Mid400
20250731,三十三フィナンシャルグループ,7322,銀行業,0.0072%,TOPIX Small 2
20250731,第四北越フィナンシャルグループ,7327,銀行業,0.0276%,TOPIX Small 1
20250731,ひろぎんホールディングス,7337,銀行業,0.0435%,TOPIX Mid400
20250731,おきなわフィナンシャルグループ,7350,銀行業,0.0064%,TOPIX Small 2
20250731,ダイレクトマーケティングミックス,7354,サービス業,0.0007%,TOPIX Small 2
20250731,ポピンズ,7358,サービス業,0.0005%,TOPIX Small 2
20250731,ＬＩＴＡＬＩＣＯ,7366,サービス業,0.0032%,TOPIX Small 2
20250731,十六フィナンシャルグループ,7380,銀行業,0.0174%,TOPIX Small 1
20250731,北國フィナンシャルホールディングス,7381,銀行業,0.0126%,TOPIX Small 1
20250731,ネットプロテクションズホールディングス,7383,その他金融業,0.0060%,TOPIX Small 2
20250731,プロクレアホールディングス,7384,銀行業,0.0041%,TOPIX Small 2
20250731,ＦＰパートナー,7388,保険業,0.0021%,TOPIX Small 2
20250731,あいちフィナンシャルグループ,7389,銀行業,0.0120%,TOPIX Small 1
20250731,小野建,7414,卸売業,0.0039%,TOPIX Small 2
20250731,ノジマ,7419,小売業,0.0287%,TOPIX Small 1
20250731,佐鳥電機,7420,卸売業,0.0028%,TOPIX Small 2
20250731,カッパ・クリエイト,7421,小売業,0.0061%,TOPIX Small 1
20250731,伯東,7433,卸売業,0.0051%,TOPIX Small 1
20250731,コンドーテック,7438,卸売業,0.0031%,TOPIX Small 2
20250731,ナガイレーベン,7447,卸売業,0.0070%,TOPIX Small 2
20250731,三菱食品,7451,卸売業,0.0074%,TOPIX Small 1
20250731,良品計画,7453,小売業,0.1983%,TOPIX Mid400
20250731,松田産業,7456,卸売業,0.0070%,TOPIX Small 1
20250731,第一興商,7458,卸売業,0.0159%,TOPIX Mid400
20250731,メディパルホールディングス,7459,卸売業,0.0690%,TOPIX Mid400
20250731,アドヴァングループ,7463,小売業,0.0018%,TOPIX Small 2
20250731,ＳＰＫ,7466,卸売業,0.0025%,TOPIX Small 2
20250731,萩原電気ホールディングス,7467,卸売業,0.0038%,TOPIX Small 2
20250731,アルビス,7475,小売業,0.0028%,TOPIX Small 2
20250731,アズワン,7476,卸売業,0.0177%,TOPIX Mid400
20250731,スズデン,7480,卸売業,0.0025%,TOPIX Small 2
20250731,シモジマ,7482,卸売業,0.0021%,TOPIX Small 2
20250731,ドウシシャ,7483,卸売業,0.0059%,TOPIX Small 2
20250731,高速,7504,卸売業,0.0044%,TOPIX Small 2
20250731,Ｇ‐７ホールディングス,7508,小売業,0.0036%,TOPIX Small 2
20250731,たけびし,7510,卸売業,0.0020%,TOPIX Small 2
20250731,イオン北海道,7512,小売業,0.0056%,TOPIX Small 1
20250731,コジマ,7513,小売業,0.0050%,TOPIX Small 1
20250731,コーナン商事,7516,小売業,0.0109%,TOPIX Small 1
20250731,エコス,7520,小売業,0.0023%,TOPIX Small 2
20250731,ワタミ,7522,小売業,0.0031%,TOPIX Small 2
20250731,リックス,7525,卸売業,0.0019%,TOPIX Small 2
20250731,システムソフト,7527,情報・通信業,0.0006%,TOPIX Small 2
20250731,パン・パシフィック・インターナショナルホールディングス,7532,小売業,0.2596%,TOPIX Mid400
20250731,丸文,7537,卸売業,0.0025%,TOPIX Small 2
20250731,西松屋チェーン,7545,小売業,0.0125%,TOPIX Small 1
20250731,ゼンショーホールディングス,7550,小売業,0.1151%,TOPIX Mid400
20250731,ハピネット,7552,卸売業,0.0111%,TOPIX Small 1
20250731,幸楽苑,7554,小売業,0.0023%,TOPIX Small 2
20250731,橋本総業ホールディングス,7570,卸売業,0.0013%,TOPIX Small 2
20250731,日本ライフライン,7575,卸売業,0.0093%,TOPIX Small 1
20250731,サイゼリヤ,7581,小売業,0.0175%,TOPIX Small 1
20250731,タカショー,7590,卸売業,0.0009%,TOPIX Small 2
20250731,ＶＴホールディングス,7593,小売業,0.0046%,TOPIX Small 1
20250731,アルゴグラフィックス,7595,情報・通信業,0.0117%,TOPIX Small 2
20250731,魚力,7596,小売業,0.0022%,TOPIX Small 2
20250731,ＩＤＯＭ,7599,卸売業,0.0085%,TOPIX Small 1
20250731,日本エム・ディ・エム,7600,精密機器,0.0010%,TOPIX Small 2
20250731,フジ・コーポレーション,7605,小売業,0.0028%,TOPIX Small 2
20250731,ユナイテッドアローズ,7606,小売業,0.0059%,TOPIX Small 1
20250731,進和,7607,卸売業,0.0050%,TOPIX Small 2
20250731,ダイトロン,7609,卸売業,0.0039%,TOPIX Small 2
20250731,ハイデイ日高,7611,小売業,0.0139%,TOPIX Small 1
20250731,シークス,7613,卸売業,0.0050%,TOPIX Small 1
20250731,コロワイド,7616,小売業,0.0280%,TOPIX Mid400
20250731,オーハシテクニカ,7628,卸売業,0.0025%,TOPIX Small 2
20250731,壱番屋,7630,小売業,0.0098%,TOPIX Small 1
20250731,白銅,7637,卸売業,0.0017%,TOPIX Small 2
20250731,スギホールディングス,7649,小売業,0.0498%,TOPIX Mid400
20250731,薬王堂ホールディングス,7679,小売業,0.0029%,TOPIX Small 2
20250731,ダブルエー,7683,小売業,0.0009%,TOPIX Small 2
20250731,島津製作所,7701,精密機器,0.1158%,TOPIX Mid400
20250731,ＪＭＳ,7702,精密機器,0.0010%,TOPIX Small 2
20250731,長野計器,7715,精密機器,0.0033%,TOPIX Small 1
20250731,ブイ・テクノロジー,7717,精密機器,0.0035%,TOPIX Small 2
20250731,スター精密,7718,機械,0.0068%,TOPIX Small 1
20250731,東京計器,7721,精密機器,0.0070%,TOPIX Small 1
20250731,愛知時計電機,7723,精密機器,0.0027%,TOPIX Small 2
20250731,インターアクション,7725,精密機器,0.0019%,TOPIX Small 2
20250731,東京精密,7729,精密機器,0.0470%,TOPIX Mid400
20250731,マニー,7730,精密機器,0.0122%,TOPIX Mid400
20250731,ニコン,7731,精密機器,0.0528%,TOPIX Mid400
20250731,トプコン,7732,精密機器,0.0448%,TOPIX Mid400
20250731,オリンパス,7733,精密機器,0.2403%,TOPIX Large70
20250731,理研計器,7734,精密機器,0.0109%,TOPIX Small 1
20250731,ＳＣＲＥＥＮホールディングス,7735,電気機器,0.1199%,TOPIX Mid400
20250731,キヤノン電子,7739,電気機器,0.0068%,TOPIX Small 1
20250731,タムロン,7740,精密機器,0.0112%,TOPIX Small 1
20250731,ＨＯＹＡ,7741,精密機器,0.8842%,TOPIX Core30
20250731,ノーリツ鋼機,7744,精密機器,0.0109%,TOPIX Small 1
20250731,Ａ＆Ｄホロンホールディングス,7745,精密機器,0.0061%,TOPIX Small 1
20250731,朝日インテック,7747,精密機器,0.0690%,TOPIX Mid400
20250731,キヤノン,7751,電気機器,0.4623%,TOPIX Large70
20250731,リコー,7752,電気機器,0.0815%,TOPIX Mid400
20250731,シチズン時計,7762,精密機器,0.0200%,TOPIX Small 1
20250731,メニコン,7780,精密機器,0.0105%,TOPIX Small 1
20250731,パラマウントベッドホールディングス,7817,その他製品,0.0128%,TOPIX Small 1
20250731,トランザクション,7818,その他製品,0.0035%,TOPIX Small 2
20250731,ニホンフラッシュ,7820,その他製品,0.0016%,TOPIX Small 2
20250731,前田工繊,7821,その他製品,0.0093%,TOPIX Small 1
20250731,アートネイチャー,7823,その他製品,0.0020%,TOPIX Small 2
20250731,フルヤ金属,7826,その他製品,0.0053%,TOPIX Small 1
20250731,バンダイナムコホールディングス,7832,その他製品,0.3143%,TOPIX Large70
20250731,ＳＨＯＥＩ,7839,その他製品,0.0113%,TOPIX Small 1
20250731,フランスベッドホールディングス,7840,その他製品,0.0040%,TOPIX Small 2
20250731,マーベラス,7844,情報・通信業,0.0024%,TOPIX Small 2
20250731,パイロットコーポレーション,7846,その他製品,0.0161%,TOPIX Mid400
20250731,萩原工業,7856,その他製品,0.0025%,TOPIX Small 2
20250731,エイベックス,7860,情報・通信業,0.0058%,TOPIX Small 1
20250731,フジシールインターナショナル,7864,その他製品,0.0150%,TOPIX Small 1
20250731,タカラトミー,7867,その他製品,0.0323%,TOPIX Mid400
20250731,広済堂ホールディングス,7868,その他製品,0.0042%,TOPIX Small 2
20250731,レック,7874,化学,0.0035%,TOPIX Small 2
20250731,三光合成,7888,化学,0.0025%,TOPIX Small 2
20250731,プロネクサス,7893,その他製品,0.0028%,TOPIX Small 2
20250731,ＴＯＰＰＡＮホールディングス,7911,その他製品,0.1188%,TOPIX Mid400
20250731,大日本印刷,7912,その他製品,0.1095%,TOPIX Mid400
20250731,共同印刷,7914,その他製品,0.0038%,TOPIX Small 2
20250731,ＮＩＳＳＨＡ,7915,その他製品,0.0061%,TOPIX Small 1
20250731,ＺＡＣＲＯＳ,7917,化学,0.0075%,TOPIX Small 2
20250731,ＴＡＫＡＲＡ　＆　ＣＯＭＰＡＮＹ,7921,その他製品,0.0046%,TOPIX Small 2
20250731,前澤化成工業,7925,化学,0.0033%,TOPIX Small 2
20250731,未来工業,7931,化学,0.0044%,TOPIX Small 2
20250731,アシックス,7936,その他製品,0.3286%,TOPIX Mid400
20250731,ツツミ,7937,その他製品,0.0013%,TOPIX Small 2
20250731,ＪＳＰ,7942,化学,0.0037%,TOPIX Small 2
20250731,ニチハ,7943,ガラス・土石製品,0.0095%,TOPIX Small 1
20250731,ローランド,7944,その他製品,0.0060%,TOPIX Small 1
20250731,エフピコ,7947,化学,0.0144%,TOPIX Small 1
20250731,小松ウオール工業,7949,その他製品,0.0040%,TOPIX Small 2
20250731,ヤマハ,7951,その他製品,0.0441%,TOPIX Mid400
20250731,河合楽器製作所,7952,その他製品,0.0019%,TOPIX Small 2
20250731,クリナップ,7955,その他製品,0.0017%,TOPIX Small 2
20250731,ピジョン,7956,その他製品,0.0237%,TOPIX Mid400
20250731,キングジム,7962,その他製品,0.0018%,TOPIX Small 2
20250731,象印マホービン,7965,電気機器,0.0118%,TOPIX Small 1
20250731,リンテック,7966,その他製品,0.0138%,TOPIX Small 1
20250731,信越ポリマー,7970,化学,0.0093%,TOPIX Small 1
20250731,イトーキ,7972,その他製品,0.0123%,TOPIX Small 1
20250731,任天堂,7974,その他製品,1.9189%,TOPIX Core30
20250731,三菱鉛筆,7976,その他製品,0.0068%,TOPIX Small 1
20250731,松風,7979,精密機器,0.0049%,TOPIX Small 2
20250731,タカラスタンダード,7981,その他製品,0.0140%,TOPIX Small 1
20250731,コクヨ,7984,その他製品,0.0442%,TOPIX Mid400
20250731,ナカバヤシ,7987,その他製品,0.0013%,TOPIX Small 2
20250731,ニフコ,7988,化学,0.0332%,TOPIX Mid400
20250731,立川ブラインド工業,7989,金属製品,0.0021%,TOPIX Small 2
20250731,グローブライド,7990,その他製品,0.0054%,TOPIX Small 1
20250731,オカムラ,7994,その他製品,0.0172%,TOPIX Small 1
20250731,バルカー,7995,化学,0.0065%,TOPIX Small 1
20250731,伊藤忠商事,8001,卸売業,1.3513%,TOPIX Core30
20250731,丸紅,8002,卸売業,0.6483%,TOPIX Large70
20250731,スクロール,8005,小売業,0.0040%,TOPIX Small 1
20250731,ヨンドシーホールディングス,8008,小売業,0.0042%,TOPIX Small 1
20250731,三陽商会,8011,繊維製品,0.0037%,TOPIX Small 2
20250731,長瀬産業,8012,卸売業,0.0323%,TOPIX Mid400
20250731,蝶理,8014,卸売業,0.0052%,TOPIX Small 2
20250731,豊田通商,8015,卸売業,0.2642%,TOPIX Mid400
20250731,オンワードホールディングス,8016,繊維製品,0.0096%,TOPIX Small 1
20250731,三共生興,8018,卸売業,0.0020%,TOPIX Small 2
20250731,兼松,8020,卸売業,0.0302%,TOPIX Mid400
20250731,美津濃,8022,その他製品,0.0198%,TOPIX Small 1
20250731,ルックホールディングス,8029,繊維製品,0.0019%,TOPIX Small 2
20250731,三井物産,8031,卸売業,1.1293%,TOPIX Core30
20250731,日本紙パルプ商事,8032,卸売業,0.0080%,TOPIX Small 2
20250731,東京エレクトロン,8035,電気機器,1.3854%,TOPIX Core30
20250731,カメイ,8037,卸売業,0.0061%,TOPIX Small 2
20250731,スターゼン,8043,卸売業,0.0062%,TOPIX Small 2
20250731,セイコーグループ,8050,精密機器,0.0157%,TOPIX Small 1
20250731,山善,8051,卸売業,0.0114%,TOPIX Small 1
20250731,椿本興業,8052,卸売業,0.0037%,TOPIX Small 2
20250731,住友商事,8053,卸売業,0.5862%,TOPIX Large70
20250731,ＢＩＰＲＯＧＹ,8056,情報・通信業,0.0494%,TOPIX Mid400
20250731,内田洋行,8057,卸売業,0.0097%,TOPIX Small 1
20250731,三菱商事,8058,卸売業,1.3994%,TOPIX Core30
20250731,第一実業,8059,卸売業,0.0060%,TOPIX Small 2
20250731,キヤノンマーケティングジャパン,8060,卸売業,0.0327%,TOPIX Mid400
20250731,西華産業,8061,卸売業,0.0063%,TOPIX Small 2
20250731,佐藤商事,8065,卸売業,0.0030%,TOPIX Small 2
20250731,東京産業,8070,卸売業,0.0021%,TOPIX Small 2
20250731,ユアサ商事,8074,卸売業,0.0102%,TOPIX Small 1
20250731,神鋼商事,8075,卸売業,0.0035%,TOPIX Small 2
20250731,阪和興業,8078,卸売業,0.0254%,TOPIX Small 1
20250731,正栄食品工業,8079,卸売業,0.0069%,TOPIX Small 1
20250731,カナデン,8081,卸売業,0.0034%,TOPIX Small 2
20250731,ＲＹＯＤＥＮ,8084,卸売業,0.0056%,TOPIX Small 2
20250731,ニプロ,8086,精密機器,0.0278%,TOPIX Mid400
20250731,岩谷産業,8088,卸売業,0.0400%,TOPIX Mid400
20250731,極東貿易,8093,卸売業,0.0022%,TOPIX Small 2
20250731,アステナホールディングス,8095,卸売業,0.0024%,TOPIX Small 2
20250731,三愛オブリ,8097,卸売業,0.0120%,TOPIX Small 1
20250731,稲畑産業,8098,卸売業,0.0225%,TOPIX Small 1
20250731,ＧＳＩクレオス,8101,卸売業,0.0029%,TOPIX Small 2
20250731,明和産業,8103,卸売業,0.0027%,TOPIX Small 2
20250731,ゴールドウイン,8111,繊維製品,0.0333%,TOPIX Mid400
20250731,ユニ・チャーム,8113,化学,0.1570%,TOPIX Large70
20250731,ワキタ,8125,卸売業,0.0066%,TOPIX Small 2
20250731,東邦ホールディングス,8129,卸売業,0.0333%,TOPIX Mid400
20250731,サンゲツ,8130,卸売業,0.0192%,TOPIX Small 1
20250731,ミツウロコグループホールディングス,8131,卸売業,0.0066%,TOPIX Small 2
20250731,シナネンホールディングス,8132,卸売業,0.0042%,TOPIX Small 2
20250731,伊藤忠エネクス,8133,卸売業,0.0128%,TOPIX Small 1
20250731,サンリオ,8136,卸売業,0.1281%,TOPIX Mid400
20250731,サンワテクノス,8137,卸売業,0.0028%,TOPIX Small 2
20250731,新光商事,8141,卸売業,0.0034%,TOPIX Small 2
20250731,トーホー,8142,卸売業,0.0036%,TOPIX Small 2
20250731,三信電気,8150,卸売業,0.0025%,TOPIX Small 2
20250731,東陽テクニカ,8151,卸売業,0.0036%,TOPIX Small 2
20250731,モスフードサービス,8153,卸売業,0.0143%,TOPIX Small 1
20250731,加賀電子,8154,卸売業,0.0150%,TOPIX Small 1
20250731,都築電気,8157,情報・通信業,0.0042%,TOPIX Small 2
20250731,ソーダニッカ,8158,卸売業,0.0027%,TOPIX Small 2
20250731,立花エレテック,8159,卸売業,0.0043%,TOPIX Small 2
20250731,木曽路,8160,小売業,0.0093%,TOPIX Small 1
20250731,ＳＲＳホールディングス,8163,小売業,0.0054%,TOPIX Small 2
20250731,千趣会,8165,小売業,0.0012%,TOPIX Small 2
20250731,リテールパートナーズ,8167,小売業,0.0054%,TOPIX Small 2
20250731,上新電機,8173,小売業,0.0062%,TOPIX Small 1
20250731,日本瓦斯,8174,小売業,0.0333%,TOPIX Mid400
20250731,ロイヤルホールディングス,8179,小売業,0.0131%,TOPIX Small 1
20250731,チヨダ,8185,小売業,0.0027%,TOPIX Small 2
20250731,ライフコーポレーション,8194,小売業,0.0118%,TOPIX Small 1
20250731,リンガーハット,8200,小売業,0.0074%,TOPIX Small 1
20250731,ＭｒＭａｘＨＤ,8203,小売業,0.0027%,TOPIX Small 2
20250731,ＡＯＫＩホールディングス,8214,小売業,0.0094%,TOPIX Small 1
20250731,オークワ,8217,小売業,0.0035%,TOPIX Small 2
20250731,コメリ,8218,小売業,0.0107%,TOPIX Small 1
20250731,青山商事,8219,小売業,0.0125%,TOPIX Small 1
20250731,しまむら,8227,小売業,0.0654%,TOPIX Mid400
20250731,高島屋,8233,小売業,0.0396%,TOPIX Mid400
20250731,松屋,8237,小売業,0.0048%,TOPIX Small 1
20250731,エイチ・ツー・オー　リテイリング,8242,小売業,0.0246%,TOPIX Mid400
20250731,近鉄百貨店,8244,小売業,0.0027%,TOPIX Small 2
20250731,丸井グループ,8252,小売業,0.0456%,TOPIX Mid400
20250731,クレディセゾン,8253,その他金融業,0.0600%,TOPIX Mid400
20250731,アクシアル　リテイリング,8255,小売業,0.0079%,TOPIX Small 2
20250731,イオン,8267,小売業,0.4978%,TOPIX Large70
20250731,イズミ,8273,小売業,0.0123%,TOPIX Mid400
20250731,フォーバル,8275,卸売業,0.0015%,TOPIX Small 2
20250731,平和堂,8276,小売業,0.0121%,TOPIX Small 1
20250731,フジ,8278,小売業,0.0095%,TOPIX Small 1
20250731,ヤオコー,8279,小売業,0.0293%,TOPIX Mid400
20250731,ゼビオホールディングス,8281,小売業,0.0038%,TOPIX Small 1
20250731,ケーズホールディングス,8282,小売業,0.0237%,TOPIX Mid400
20250731,ＰＡＬＴＡＣ,8283,卸売業,0.0171%,TOPIX Mid400
20250731,三谷産業,8285,卸売業,0.0017%,TOPIX Small 2
20250731,あおぞら銀行,8304,銀行業,0.0361%,TOPIX Mid400
20250731,三菱ＵＦＪフィナンシャル・グループ,8306,銀行業,3.1936%,TOPIX Core30
20250731,りそなホールディングス,8308,銀行業,0.4018%,TOPIX Large70
20250731,三井住友トラストグループ,8309,銀行業,0.3303%,TOPIX Large70
20250731,三井住友フィナンシャルグループ,8316,銀行業,1.8777%,TOPIX Core30
20250731,千葉銀行,8331,銀行業,0.1025%,TOPIX Mid400
20250731,群馬銀行,8334,銀行業,0.0568%,TOPIX Mid400
20250731,武蔵野銀行,8336,銀行業,0.0134%,TOPIX Small 1
20250731,千葉興業銀行,8337,銀行業,0.0084%,TOPIX Small 1
20250731,筑波銀行,8338,銀行業,0.0027%,TOPIX Small 2
20250731,七十七銀行,8341,銀行業,0.0396%,TOPIX Mid400
20250731,秋田銀行,8343,銀行業,0.0052%,TOPIX Small 2
20250731,山形銀行,8344,銀行業,0.0040%,TOPIX Small 2
20250731,岩手銀行,8345,銀行業,0.0053%,TOPIX Small 2
20250731,東邦銀行,8346,銀行業,0.0100%,TOPIX Small 1
20250731,ふくおかフィナンシャルグループ,8354,銀行業,0.0853%,TOPIX Mid400
20250731,スルガ銀行,8358,銀行業,0.0222%,TOPIX Small 1
20250731,八十二銀行,8359,銀行業,0.0726%,TOPIX Mid400
20250731,山梨中央銀行,8360,銀行業,0.0074%,TOPIX Small 2
20250731,大垣共立銀行,8361,銀行業,0.0128%,TOPIX Small 1
20250731,福井銀行,8362,銀行業,0.0040%,TOPIX Small 2
20250731,清水銀行,8364,銀行業,0.0016%,TOPIX Small 2
20250731,滋賀銀行,8366,銀行業,0.0218%,TOPIX Small 1
20250731,南都銀行,8367,銀行業,0.0162%,TOPIX Small 1
20250731,百五銀行,8368,銀行業,0.0167%,TOPIX Small 1
20250731,紀陽銀行,8370,銀行業,0.0233%,TOPIX Small 1
20250731,ほくほくフィナンシャルグループ,8377,銀行業,0.0427%,TOPIX Mid400
20250731,山陰合同銀行,8381,銀行業,0.0189%,TOPIX Small 1
20250731,百十四銀行,8386,銀行業,0.0115%,TOPIX Small 1
20250731,四国銀行,8387,銀行業,0.0043%,TOPIX Small 2
20250731,阿波銀行,8388,銀行業,0.0104%,TOPIX Small 1
20250731,大分銀行,8392,銀行業,0.0065%,TOPIX Small 2
20250731,宮崎銀行,8393,銀行業,0.0060%,TOPIX Small 2
20250731,佐賀銀行,8395,銀行業,0.0037%,TOPIX Small 2
20250731,琉球銀行,8399,銀行業,0.0067%,TOPIX Small 2
20250731,セブン銀行,8410,銀行業,0.0229%,TOPIX Mid400
20250731,みずほフィナンシャルグループ,8411,銀行業,1.4127%,TOPIX Core30
20250731,山口フィナンシャルグループ,8418,銀行業,0.0398%,TOPIX Mid400
20250731,芙蓉総合リース,8424,その他金融業,0.0266%,TOPIX Mid400
20250731,みずほリース,8425,その他金融業,0.0206%,TOPIX Small 1
20250731,東京センチュリー,8439,その他金融業,0.0306%,TOPIX Mid400
20250731,ＳＢＩホールディングス,8473,証券、商品先物取引業,0.2152%,TOPIX Mid400
20250731,日本証券金融,8511,その他金融業,0.0159%,TOPIX Small 1
20250731,アイフル,8515,その他金融業,0.0175%,TOPIX Small 1
20250731,名古屋銀行,8522,銀行業,0.0131%,TOPIX Small 1
20250731,北洋銀行,8524,銀行業,0.0200%,TOPIX Small 1
20250731,愛媛銀行,8541,銀行業,0.0037%,TOPIX Small 2
20250731,京葉銀行,8544,銀行業,0.0121%,TOPIX Small 1
20250731,栃木銀行,8550,銀行業,0.0048%,TOPIX Small 2
20250731,北日本銀行,8551,銀行業,0.0027%,TOPIX Small 2
20250731,東和銀行,8558,銀行業,0.0033%,TOPIX Small 2
20250731,リコーリース,8566,その他金融業,0.0123%,TOPIX Small 1
20250731,イオンフィナンシャルサービス,8570,その他金融業,0.0184%,TOPIX Mid400
20250731,アコム,8572,その他金融業,0.0246%,TOPIX Mid400
20250731,ジャックス,8584,その他金融業,0.0116%,TOPIX Small 1
20250731,オリエントコーポレーション,8585,その他金融業,0.0077%,TOPIX Small 1
20250731,オリックス,8591,その他金融業,0.4604%,TOPIX Large70
20250731,三菱ＨＣキャピタル,8593,その他金融業,0.1321%,TOPIX Mid400
20250731,ジャフコ　グループ,8595,証券、商品先物取引業,0.0175%,TOPIX Mid400
20250731,トモニホールディングス,8600,銀行業,0.0138%,TOPIX Small 1
20250731,大和証券グループ本社,8601,証券、商品先物取引業,0.1783%,TOPIX Mid400
20250731,野村ホールディングス,8604,証券、商品先物取引業,0.3987%,TOPIX Large70
20250731,岡三証券グループ,8609,証券、商品先物取引業,0.0122%,TOPIX Small 1
20250731,丸三証券,8613,証券、商品先物取引業,0.0072%,TOPIX Small 1
20250731,東洋証券,8614,証券、商品先物取引業,0.0030%,TOPIX Small 2
20250731,東海東京フィナンシャル・ホールディングス,8616,証券、商品先物取引業,0.0153%,TOPIX Small 1
20250731,水戸証券,8622,証券、商品先物取引業,0.0034%,TOPIX Small 2
20250731,いちよし証券,8624,証券、商品先物取引業,0.0036%,TOPIX Small 2
20250731,松井証券,8628,証券、商品先物取引業,0.0120%,TOPIX Small 1
20250731,ＳＯＭＰＯホールディングス,8630,保険業,0.4865%,TOPIX Large70
20250731,日本取引所グループ,8697,その他金融業,0.2077%,TOPIX Large70
20250731,マネックスグループ,8698,証券、商品先物取引業,0.0181%,TOPIX Small 1
20250731,極東証券,8706,証券、商品先物取引業,0.0043%,TOPIX Small 1
20250731,岩井コスモホールディングス,8707,証券、商品先物取引業,0.0066%,TOPIX Small 2
20250731,アイザワ証券グループ,8708,証券、商品先物取引業,0.0037%,TOPIX Small 2
20250731,フィデアホールディングス,8713,銀行業,0.0037%,TOPIX Small 2
20250731,池田泉州ホールディングス,8714,銀行業,0.0211%,TOPIX Small 1
20250731,アニコム　ホールディングス,8715,保険業,0.0058%,TOPIX Small 1
20250731,ＭＳ＆ＡＤインシュアランスグループホールディングス,8725,保険業,0.5608%,TOPIX Large70
20250731,スパークス・グループ,8739,証券、商品先物取引業,0.0039%,TOPIX Small 2
20250731,第一生命ホールディングス,8750,保険業,0.5185%,TOPIX Large70
20250731,東京海上ホールディングス,8766,保険業,1.3790%,TOPIX Core30
20250731,イー・ギャランティ,8771,その他金融業,0.0058%,TOPIX Small 1
20250731,ＮＥＣキャピタルソリューション,8793,その他金融業,0.0045%,TOPIX Small 2
20250731,Ｔ＆Ｄホールディングス,8795,保険業,0.2354%,TOPIX Mid400
20250731,アドバンスクリエイト,8798,保険業,0.0005%,TOPIX Small 2
20250731,三井不動産,8801,不動産業,0.4401%,TOPIX Large70
20250731,三菱地所,8802,不動産業,0.3813%,TOPIX Large70
20250731,平和不動産,8803,不動産業,0.0170%,TOPIX Small 1
20250731,東京建物,8804,不動産業,0.0572%,TOPIX Mid400
20250731,京阪神ビルディング,8818,不動産業,0.0062%,TOPIX Small 2
20250731,住友不動産,8830,不動産業,0.2127%,TOPIX Large70
20250731,テーオーシー,8841,不動産業,0.0031%,TOPIX Small 2
20250731,レオパレス２１,8848,不動産業,0.0148%,TOPIX Small 1
20250731,スターツコーポレーション,8850,不動産業,0.0177%,TOPIX Small 1
20250731,フジ住宅,8860,不動産業,0.0021%,TOPIX Small 2
20250731,空港施設,8864,不動産業,0.0031%,TOPIX Small 2
20250731,明和地所,8869,不動産業,0.0020%,TOPIX Small 2
20250731,ゴールドクレスト,8871,不動産業,0.0053%,TOPIX Small 1
20250731,リログループ,8876,サービス業,0.0239%,TOPIX Mid400
20250731,エスリード,8877,不動産業,0.0052%,TOPIX Small 2
20250731,日神グループホールディングス,8881,不動産業,0.0020%,TOPIX Small 2
20250731,エスコン,8892,不動産業,0.0060%,TOPIX Small 1
20250731,ＭＩＲＡＲＴＨホールディングス,8897,不動産業,0.0054%,TOPIX Small 1
20250731,ランド,8918,不動産業,0.0015%,TOPIX Small 2
20250731,カチタス,8919,不動産業,0.0161%,TOPIX Small 1
20250731,東祥,8920,サービス業,0.0014%,TOPIX Small 2
20250731,トーセイ,8923,不動産業,0.0102%,TOPIX Small 1
20250731,サンフロンティア不動産,8934,不動産業,0.0084%,TOPIX Small 1
20250731,ＦＪネクストホールディングス,8935,不動産業,0.0030%,TOPIX Small 2
20250731,グランディハウス,8999,不動産業,0.0012%,TOPIX Small 2
20250731,東武鉄道,9001,陸運業,0.0649%,TOPIX Mid400
20250731,相鉄ホールディングス,9003,陸運業,0.0189%,TOPIX Mid400
20250731,東急,9005,陸運業,0.1146%,TOPIX Mid400
20250731,京浜急行電鉄,9006,陸運業,0.0461%,TOPIX Mid400
20250731,小田急電鉄,9007,陸運業,0.0647%,TOPIX Mid400
20250731,京王電鉄,9008,陸運業,0.0417%,TOPIX Mid400
20250731,京成電鉄,9009,陸運業,0.0532%,TOPIX Mid400
20250731,富士急行,9010,陸運業,0.0063%,TOPIX Small 1
20250731,東日本旅客鉄道,9020,陸運業,0.4251%,TOPIX Large70
20250731,西日本旅客鉄道,9021,陸運業,0.1961%,TOPIX Large70
20250731,東海旅客鉄道,9022,陸運業,0.3239%,TOPIX Large70
20250731,東京地下鉄,9023,陸運業,0.0871%,TOPIX Mid400
20250731,西武ホールディングス,9024,陸運業,0.1103%,TOPIX Mid400
20250731,鴻池運輸,9025,陸運業,0.0132%,TOPIX Small 1
20250731,西日本鉄道,9031,陸運業,0.0149%,TOPIX Mid400
20250731,ハマキョウレックス,9037,陸運業,0.0120%,TOPIX Small 2
20250731,サカイ引越センター,9039,陸運業,0.0081%,TOPIX Small 1
20250731,近鉄グループホールディングス,9041,陸運業,0.0742%,TOPIX Mid400
20250731,阪急阪神ホールディングス,9042,陸運業,0.1249%,TOPIX Mid400
20250731,南海電気鉄道,9044,陸運業,0.0260%,TOPIX Mid400
20250731,京阪ホールディングス,9045,陸運業,0.0385%,TOPIX Mid400
20250731,神戸電鉄,9046,陸運業,0.0016%,TOPIX Small 2
20250731,名古屋鉄道,9048,陸運業,0.0435%,TOPIX Mid400
20250731,山陽電気鉄道,9052,陸運業,0.0036%,TOPIX Small 2
20250731,ヤマトホールディングス,9064,陸運業,0.0638%,TOPIX Mid400
20250731,山九,9065,陸運業,0.0485%,TOPIX Mid400
20250731,日新,9066,倉庫・運輸関連業,0.0045%,TOPIX Small 2
20250731,丸全昭和運輸,9068,陸運業,0.0107%,TOPIX Small 2
20250731,センコーグループホールディングス,9069,陸運業,0.0320%,TOPIX Small 1
20250731,ニッコンホールディングス,9072,陸運業,0.0464%,TOPIX Mid400
20250731,福山通運,9075,陸運業,0.0092%,TOPIX Small 1
20250731,セイノーホールディングス,9076,陸運業,0.0271%,TOPIX Mid400
20250731,神奈川中央交通,9081,陸運業,0.0025%,TOPIX Small 2
20250731,ＡＺ－ＣＯＭ丸和ホールディングス,9090,陸運業,0.0087%,TOPIX Small 1
20250731,日本郵船,9101,海運業,0.2473%,TOPIX Large70
20250731,商船三井,9104,海運業,0.2314%,TOPIX Large70
20250731,川崎汽船,9107,海運業,0.1104%,TOPIX Mid400
20250731,ＮＳユナイテッド海運,9110,海運業,0.0063%,TOPIX Small 1
20250731,飯野海運,9119,海運業,0.0091%,TOPIX Small 1
20250731,九州旅客鉄道,9142,陸運業,0.0670%,TOPIX Mid400
20250731,ＳＧホールディングス,9143,陸運業,0.0675%,TOPIX Mid400
20250731,ＮＩＰＰＯＮ　ＥＸＰＲＥＳＳホールディングス,9147,陸運業,0.0853%,TOPIX Mid400
20250731,日本航空,9201,空運業,0.1649%,TOPIX Mid400
20250731,ＡＮＡホールディングス,9202,空運業,0.1827%,TOPIX Large70
20250731,ビーウィズ,9216,サービス業,0.0010%,TOPIX Small 2
20250731,サンウェルズ,9229,サービス業,0.0010%,TOPIX Small 2
20250731,ＴＲＥホールディングス,9247,サービス業,0.0077%,TOPIX Small 1
20250731,人・夢・技術グループ,9248,サービス業,0.0018%,TOPIX Small 2
20250731,シルバーライフ,9262,小売業,0.0005%,TOPIX Small 2
20250731,Ｇｅｎｋｙ　ＤｒｕｇＳｔｏｒｅｓ,9267,小売業,0.0100%,TOPIX Small 1
20250731,コーア商事ホールディングス,9273,卸売業,0.0016%,TOPIX Small 2
20250731,ＫＰＰグループホールディングス,9274,卸売業,0.0038%,TOPIX Small 1
20250731,ブックオフグループホールディングス,9278,小売業,0.0027%,TOPIX Small 2
20250731,ギフトホールディングス,9279,小売業,0.0050%,TOPIX Small 2
20250731,三菱倉庫,9301,倉庫・運輸関連業,0.0307%,TOPIX Mid400
20250731,三井倉庫ホールディングス,9302,倉庫・運輸関連業,0.0291%,TOPIX Small 1
20250731,住友倉庫,9303,倉庫・運輸関連業,0.0218%,TOPIX Small 1
20250731,澁澤倉庫,9304,倉庫・運輸関連業,0.0048%,TOPIX Small 2
20250731,ヤマタネ,9305,卸売業,0.0053%,TOPIX Small 2
20250731,乾汽船,9308,海運業,0.0038%,TOPIX Small 2
20250731,日本トランスシティ,9310,倉庫・運輸関連業,0.0056%,TOPIX Small 2
20250731,中央倉庫,9319,倉庫・運輸関連業,0.0020%,TOPIX Small 2
20250731,安田倉庫,9324,倉庫・運輸関連業,0.0032%,TOPIX Small 2
20250731,ＮＩＳＳＯホールディングス,9332,サービス業,0.0014%,TOPIX Small 2
20250731,大栄環境,9336,サービス業,0.0167%,TOPIX Small 1
20250731,ＧＥＮＯＶＡ,9341,サービス業,0.0008%,TOPIX Small 2
20250731,日本管財ホールディングス,9347,サービス業,0.0072%,TOPIX Small 2
20250731,上組,9364,倉庫・運輸関連業,0.0445%,TOPIX Mid400
20250731,キユーソー流通システム,9369,倉庫・運輸関連業,0.0046%,TOPIX Small 2
20250731,エーアイテイー,9381,倉庫・運輸関連業,0.0028%,TOPIX Small 2
20250731,日本コンセプト,9386,倉庫・運輸関連業,0.0027%,TOPIX Small 2
20250731,ＴＢＳホールディングス,9401,情報・通信業,0.0592%,TOPIX Mid400
20250731,日本テレビホールディングス,9404,情報・通信業,0.0700%,TOPIX Mid400
20250731,朝日放送グループホールディングス,9405,情報・通信業,0.0021%,TOPIX Small 2
20250731,テレビ朝日ホールディングス,9409,情報・通信業,0.0166%,TOPIX Small 1
20250731,スカパーＪＳＡＴホールディングス,9412,情報・通信業,0.0268%,TOPIX Small 1
20250731,テレビ東京ホールディングス,9413,情報・通信業,0.0055%,TOPIX Small 1
20250731,ビジョン,9416,情報・通信業,0.0056%,TOPIX Small 1
20250731,Ｕ－ＮＥＸＴ　ＨＯＬＤＩＮＧＳ,9418,情報・通信業,0.0166%,TOPIX Small 1
20250731,日本通信,9424,情報・通信業,0.0031%,TOPIX Small 1
20250731,ＮＴＴ,9432,情報・通信業,1.0911%,TOPIX Core30
20250731,ＫＤＤＩ,9433,情報・通信業,0.8391%,TOPIX Core30
20250731,ソフトバンク,9434,情報・通信業,0.8425%,TOPIX Core30
20250731,光通信,9435,情報・通信業,0.1130%,TOPIX Mid400
20250731,エムティーアイ,9438,情報・通信業,0.0015%,TOPIX Small 2
20250731,ＧＭＯインターネットグループ,9449,情報・通信業,0.0302%,TOPIX Mid400
20250731,ファイバーゲート,9450,情報・通信業,0.0007%,TOPIX Small 2
20250731,ＫＡＤＯＫＡＷＡ,9468,情報・通信業,0.0454%,TOPIX Mid400
20250731,学研ホールディングス,9470,情報・通信業,0.0042%,TOPIX Small 1
20250731,ゼンリン,9474,情報・通信業,0.0045%,TOPIX Small 2
20250731,東京電力ホールディングス,9501,電気・ガス業,0.1159%,TOPIX Mid400
20250731,中部電力,9502,電気・ガス業,0.1629%,TOPIX Mid400
20250731,関西電力,9503,電気・ガス業,0.2128%,TOPIX Mid400
20250731,中国電力,9504,電気・ガス業,0.0342%,TOPIX Mid400
20250731,北陸電力,9505,電気・ガス業,0.0192%,TOPIX Mid400
20250731,東北電力,9506,電気・ガス業,0.0669%,TOPIX Mid400
20250731,四国電力,9507,電気・ガス業,0.0281%,TOPIX Mid400
20250731,九州電力,9508,電気・ガス業,0.0740%,TOPIX Mid400
20250731,北海道電力,9509,電気・ガス業,0.0227%,TOPIX Mid400
20250731,沖縄電力,9511,電気・ガス業,0.0059%,TOPIX Small 1
20250731,電源開発,9513,電気・ガス業,0.0470%,TOPIX Mid400
20250731,エフオン,9514,電気・ガス業,0.0006%,TOPIX Small 2
20250731,イーレックス,9517,電気・ガス業,0.0035%,TOPIX Small 2
20250731,レノバ,9519,電気・ガス業,0.0046%,TOPIX Small 1
20250731,東京瓦斯,9531,電気・ガス業,0.2182%,TOPIX Mid400
20250731,大阪瓦斯,9532,電気・ガス業,0.1765%,TOPIX Mid400
20250731,東邦瓦斯,9533,電気・ガス業,0.0370%,TOPIX Mid400
20250731,北海道瓦斯,9534,電気・ガス業,0.0044%,TOPIX Small 2
20250731,広島ガス,9535,電気・ガス業,0.0018%,TOPIX Small 2
20250731,西部ガスホールディングス,9536,電気・ガス業,0.0046%,TOPIX Small 2
20250731,静岡ガス,9543,電気・ガス業,0.0062%,TOPIX Small 1
20250731,メタウォーター,9551,電気・ガス業,0.0087%,TOPIX Small 1
20250731,Ｍ＆Ａ総研ホールディングス,9552,サービス業,0.0044%,TOPIX Small 1
20250731,アイネット,9600,情報・通信業,0.0027%,TOPIX Small 2
20250731,松竹,9601,情報・通信業,0.0176%,TOPIX Small 1
20250731,東宝,9602,情報・通信業,0.1353%,TOPIX Mid400
20250731,エイチ・アイ・エス,9603,サービス業,0.0102%,TOPIX Small 1
20250731,東映,9605,情報・通信業,0.0208%,TOPIX Small 1
20250731,ラックランド,9612,サービス業,0.0012%,TOPIX Small 2
20250731,ＮＴＴデータグループ,9613,情報・通信業,0.2490%,TOPIX Mid400
20250731,共立メンテナンス,9616,サービス業,0.0283%,TOPIX Mid400
20250731,イチネンホールディングス,9619,サービス業,0.0040%,TOPIX Small 2
20250731,建設技術研究所,9621,サービス業,0.0077%,TOPIX Small 2
20250731,スペース,9622,サービス業,0.0021%,TOPIX Small 2
20250731,アインホールディングス,9627,小売業,0.0149%,TOPIX Mid400
20250731,燦ホールディングス,9628,サービス業,0.0033%,TOPIX Small 2
20250731,ピー・シー・エー,9629,情報・通信業,0.0029%,TOPIX Small 2
20250731,スバル興業,9632,サービス業,0.0030%,TOPIX Small 2
20250731,タナベコンサルティンググループ,9644,サービス業,0.0016%,TOPIX Small 2
20250731,ビジネスブレイン太田昭和,9658,情報・通信業,0.0028%,TOPIX Small 2
20250731,ナガワ,9663,サービス業,0.0043%,TOPIX Small 1
20250731,東京都競馬,9672,サービス業,0.0094%,TOPIX Small 1
20250731,カナモト,9678,サービス業,0.0118%,TOPIX Small 1
20250731,ＤＴＳ,9682,情報・通信業,0.0205%,TOPIX Small 1
20250731,スクウェア・エニックス・ホールディングス,9684,情報・通信業,0.1240%,TOPIX Mid400
20250731,シーイーシー,9692,情報・通信業,0.0065%,TOPIX Small 1
20250731,カプコン,9697,情報・通信業,0.1850%,TOPIX Mid400
20250731,ニシオホールディングス,9699,サービス業,0.0086%,TOPIX Small 1
20250731,アイ・エス・ビー,9702,情報・通信業,0.0017%,TOPIX Small 2
20250731,日本空港ビルデング,9706,不動産業,0.0383%,TOPIX Mid400
20250731,トランス・コスモス,9715,サービス業,0.0113%,TOPIX Small 1
20250731,乃村工藝社,9716,サービス業,0.0099%,TOPIX Small 1
20250731,ＳＣＳＫ,9719,情報・通信業,0.0925%,TOPIX Mid400
20250731,藤田観光,9722,サービス業,0.0104%,TOPIX Small 1
20250731,ＫＮＴ－ＣＴホールディングス,9726,サービス業,0.0015%,TOPIX Small 2
20250731,トーカイ,9729,サービス業,0.0046%,TOPIX Small 2
20250731,セコム,9735,サービス業,0.2716%,TOPIX Large70
20250731,ＮＳＷ,9739,情報・通信業,0.0028%,TOPIX Small 2
20250731,セントラル警備保障,9740,サービス業,0.0032%,TOPIX Small 2
20250731,アイネス,9742,情報・通信業,0.0033%,TOPIX Small 2
20250731,丹青社,9743,サービス業,0.0069%,TOPIX Small 1
20250731,メイテックグループホールディングス,9744,サービス業,0.0287%,TOPIX Mid400
20250731,ＴＫＣ,9746,情報・通信業,0.0170%,TOPIX Small 1
20250731,応用地質,9755,サービス業,0.0070%,TOPIX Small 2
20250731,船井総研ホールディングス,9757,サービス業,0.0117%,TOPIX Small 1
20250731,ＮＳＤ,9759,情報・通信業,0.0334%,TOPIX Mid400
20250731,コナミグループ,9766,情報・通信業,0.1846%,TOPIX Mid400
20250731,学究社,9769,サービス業,0.0023%,TOPIX Small 2
20250731,ナック,9788,サービス業,0.0014%,TOPIX Small 2
20250731,福井コンピュータホールディングス,9790,情報・通信業,0.0051%,TOPIX Small 1
20250731,ダイセキ,9793,サービス業,0.0210%,TOPIX Small 1
20250731,ステップ,9795,サービス業,0.0021%,TOPIX Small 2
20250731,泉州電業,9824,卸売業,0.0069%,TOPIX Small 1
20250731,Ｇｅｎｋｉ　Ｇｌｏｂａｌ　Ｄｉｎｉｎｇ　Ｃｏｎｃｅｐｔｓ,9828,小売業,0.0050%,TOPIX Small 1
20250731,トラスコ中山,9830,卸売業,0.0117%,TOPIX Small 1
20250731,ヤマダホールディングス,9831,小売業,0.0360%,TOPIX Mid400
20250731,オートバックスセブン,9832,卸売業,0.0130%,TOPIX Small 1
20250731,モリト,9837,卸売業,0.0031%,TOPIX Small 2
20250731,アークランズ,9842,小売業,0.0131%,TOPIX Small 1
20250731,ニトリホールディングス,9843,小売業,0.1194%,TOPIX Large70
20250731,グルメ杵屋,9850,小売業,0.0020%,TOPIX Small 2
20250731,ケーユーホールディングス,9856,小売業,0.0017%,TOPIX Small 2
20250731,吉野家ホールディングス,9861,小売業,0.0326%,TOPIX Mid400
20250731,加藤産業,9869,卸売業,0.0180%,TOPIX Small 1
20250731,イノテック,9880,電気機器,0.0025%,TOPIX Small 2
20250731,イエローハット,9882,卸売業,0.0127%,TOPIX Small 1
20250731,松屋フーズホールディングス,9887,小売業,0.0075%,TOPIX Small 2
20250731,ＪＢＣＣホールディングス,9889,情報・通信業,0.0083%,TOPIX Small 1
20250731,ＪＫホールディングス,9896,卸売業,0.0024%,TOPIX Small 2
20250731,サガミホールディングス,9900,小売業,0.0072%,TOPIX Small 2
20250731,日伝,9902,卸売業,0.0040%,TOPIX Small 2
20250731,ミロク情報サービス,9928,情報・通信業,0.0038%,TOPIX Small 2
20250731,杉本商事,9932,卸売業,0.0040%,TOPIX Small 2
20250731,因幡電機産業,9934,卸売業,0.0283%,TOPIX Mid400
20250731,王将フードサービス,9936,小売業,0.0174%,TOPIX Small 1
20250731,ミニストップ,9946,小売業,0.0042%,TOPIX Small 2
20250731,アークス,9948,小売業,0.0129%,TOPIX Small 1
20250731,バローホールディングス,9956,小売業,0.0129%,TOPIX Small 1
20250731,東テク,9960,卸売業,0.0073%,TOPIX Small 2
20250731,ミスミグループ本社,9962,卸売業,0.0840%,TOPIX Mid400
20250731,ベルク,9974,小売業,0.0091%,TOPIX Small 1
20250731,大庄,9979,小売業,0.0020%,TOPIX Small 2
20250731,ファーストリテイリング,9983,小売業,0.7931%,TOPIX Core30
20250731,ソフトバンクグループ,9984,情報・通信業,1.3994%,TOPIX Core30
20250731,スズケン,9987,卸売業,0.0444%,TOPIX Mid400
20250731,サンドラッグ,9989,小売業,0.0383%,TOPIX Mid400
20250731,サックスバー　ホールディングス,9990,小売業,0.0020%,TOPIX Small 2
20250731,ジェコス,9991,卸売業,0.0020%,TOPIX Small 2
20250731,ベルーナ,9997,小売業,0.0059%,TOPIX Small 1