code,Sector,Industry,MarketCap
1332,Consumer Defensive,Packaged Foods,346186153984
135A,Technology,Software - Infrastructure,34280550400
1414,Industrials,Engineering & Construction,283505655808
1419,Consumer Cyclical,Residential Construction,102038495232
141A,Consumer Defensive,Discount Stores,366835662848
1431,Real Estate,Real Estate - Diversified,14879605760
1436,Industrials,Engineering & Construction,9852451840
1447,Technology,Information Technology Services,7440521216
147A,Technology,Software - Infrastructure,56109023232
1518,Energy,Thermal Coal,56562425856
151A,Industrials,Conglomerates,5987166720
153A,Technology,Software - Infrastructure,8350126592
156A,Communication Services,Advertising Agencies,7782736384
1605,Energy,Oil & Gas E&P,3709080436736
165A,Financial Services,Asset Management,20530124800
1662,Energy,Oil & Gas E&P,491439357952
166A,Technology,Software - Application,51824136192
1719,Industrials,Engineering & Construction,315647918080
1721,Industrials,Engineering & Construction,558171684864
176A,Utilities,Utilities - Regulated Electric,52903788544
177A,Healthcare,Biotechnology,7202244608
1801,Industrials,Engineering & Construction,2789640241152
1802,Industrials,Engineering & Construction,2444615483392
1803,Industrials,Engineering & Construction,1920744816640
1808,Consumer Cyclical,Residential Construction,859085799424
1812,Industrials,Engineering & Construction,2927545548800
186A,Industrials,Aerospace & Defense,113809596416
1878,Real Estate,Real Estate - Diversified,1004013355008
190A,Healthcare,Biotechnology,8351431680
1911,Consumer Cyclical,Residential Construction,1002934501376
1925,Real Estate,Real Estate - Development,3307320639488
1928,Consumer Cyclical,Residential Construction,2329118244864
192A,Financial Services,Capital Markets,4282139904
1942,Industrials,Engineering & Construction,1149175332864
194A,Healthcare,Medical Care Facilities,14088489984
1951,Industrials,Engineering & Construction,558951497728
1959,Industrials,Engineering & Construction,583705493504
1963,Industrials,Engineering & Construction,507524644864
1969,Industrials,Building Products & Equipment,627497893888
198A,Technology,Software - Application,1718461952
2002,Consumer Defensive,Packaged Foods,550697762816
202A,Technology,Information Technology Services,57539248128
205A,Consumer Cyclical,Residential Construction,7333614080
206A,Healthcare,Biotechnology,6349552128
2124,Industrials,Staffing & Employment Services,168857092096
2127,Financial Services,Capital Markets,237167919104
2154,Industrials,Staffing & Employment Services,161925300224
2158,Technology,Information Technology Services,34440540160
215A,Industrials,Staffing & Employment Services,141564313600
2160,Healthcare,Biotechnology,141267386368
2168,Industrials,Staffing & Employment Services,77077913600
2173,Communication Services,Advertising Agencies,14422536192
2181,Industrials,Staffing & Employment Services,644277141504
218A,Technology,Computer Hardware,27740209152
2195,Industrials,Waste Management,5599238144
219A,Healthcare,Biotechnology,43626651648
2201,Consumer Defensive,Confectioners,229377032192
2222,Consumer Defensive,Confectioners,286627725312
2229,Consumer Defensive,Packaged Foods,362939744256
2264,Consumer Defensive,Packaged Foods,310218194944
2267,Consumer Defensive,Beverages - Non-Alcoholic,734294441984
2269,Consumer Defensive,Packaged Foods,958894637056
2282,Consumer Defensive,Packaged Foods,659437715456
228A,Technology,Software - Infrastructure,5773716992
2317,Technology,Information Technology Services,186234486784
2327,Technology,Information Technology Services,813169377280
2370,Healthcare,Biotechnology,8471332352
2371,Communication Services,Internet Content & Information,461057425408
2379,Communication Services,Internet Content & Information,118236209152
2384,Industrials,Integrated Freight & Logistics,154699153408
2413,Healthcare,Health Information Services,1450120577024
241A,Technology,Software - Application,4662102016
2432,Industrials,Conglomerates,285845749760
2438,Consumer Cyclical,Personal Services,5652463104
244A,Technology,Information Technology Services,5958089216
245A,Consumer Cyclical,Restaurants,7742542336
246A,Industrials,Consulting Services,1575296768
247A,Consumer Defensive,Household & Personal Products,91706089472
248A,Technology,Software - Application,4624200192
2497,Technology,Software - Application,19583000576
2501,Consumer Defensive,Beverages - Brewers,585938632704
2502,Consumer Defensive,Beverages - Brewers,2416656252928
2503,Consumer Defensive,Beverages - Brewers,1919250989056
2531,Consumer Defensive,Beverages - Brewers,321809973248
2587,Consumer Defensive,Beverages - Non-Alcoholic,1494940647424
2670,Consumer Cyclical,Apparel Retail,622136786944
2678,Consumer Cyclical,Internet Retail,126787223552
2685,Consumer Cyclical,Apparel Manufacturing,131742113792
2702,Consumer Cyclical,Restaurants,849606803456
2726,Consumer Cyclical,Apparel Retail,334442725376
2760,Technology,Electronic Components,101054865408
2767,Consumer Cyclical,Gambling,111330983936
2768,Industrials,Conglomerates,1170352111616
2801,Consumer Defensive,Packaged Foods,1296181624832
2802,Consumer Defensive,Packaged Foods,3231057444864
2811,Consumer Defensive,Packaged Foods,246054715392
2871,Consumer Defensive,Packaged Foods,456627027968
2875,Consumer Defensive,Packaged Foods,1059969171456
2897,Consumer Defensive,Packaged Foods,838638043136
2914,Consumer Defensive,Tobacco,10287202697216
2934,Healthcare,Pharmaceutical Retailers,7062892544
2936,Consumer Defensive,Packaged Foods,18153984000
2937,Consumer Defensive,Packaged Foods,15947760640
2978,Real Estate,Real Estate Services,5336981504
2986,Real Estate,Real Estate Services,70719963136
2998,Financial Services,Asset Management,32624850944
3003,Real Estate,Real Estate Services,1366396108800
3038,Consumer Defensive,Grocery Stores,814736539648
3063,Consumer Cyclical,Restaurants,10079635456
3064,Consumer Cyclical,Internet Retail,1157790695424
3086,Consumer Cyclical,Department Stores,569913769984
3088,Healthcare,Pharmaceutical Retailers,1042370461696
3092,Consumer Cyclical,Internet Retail,1145643073536
3099,Consumer Cyclical,Department Stores,894832607232
3107,Technology,Electronics & Computer Distribution,272103145472
3116,Consumer Cyclical,Auto Parts,462639890432
3132,Technology,Electronics & Computer Distribution,452210950144
3133,Consumer Cyclical,Restaurants,26181261312
3140,Consumer Cyclical,"Furnishings, Fixtures & Appliances",14428670976
3141,Healthcare,Pharmaceutical Retailers,657731420160
3148,Healthcare,Pharmaceutical Retailers,216740593664
3186,Consumer Cyclical,Auto & Truck Dealerships,270847541248
3187,Consumer Cyclical,Internet Retail,4942630912
3231,Real Estate,Real Estate Services,874608394240
3288,Real Estate,Real Estate - Diversified,1067266539520
3289,Real Estate,Real Estate - Diversified,1062264963072
3291,Consumer Cyclical,Residential Construction,713484664832
3300,Real Estate,Real Estate Services,16459375616
3349,Healthcare,Pharmaceutical Retailers,582699384832
3360,Healthcare,Medical Instruments & Supplies,246978822144
3382,Consumer Defensive,Grocery Stores,5175059152896
3391,Healthcare,Pharmaceutical Retailers,1143742660608
3401,Industrials,Conglomerates,265043492864
3402,Consumer Cyclical,Textile Manufacturing,1682693029888
3405,Basic Materials,Chemicals,506000605184
3407,Industrials,Conglomerates,1985112047616
3418,Consumer Cyclical,Restaurants,11291543552
3436,Technology,Semiconductor Equipment & Materials,543977668608
3465,Real Estate,Real Estate Services,104763580416
3479,Real Estate,Real Estate Services,74024263680
3491,Communication Services,Internet Content & Information,66068467712
3496,Real Estate,Real Estate Services,62588088320
3542,Consumer Cyclical,Internet Retail,15831994368
3549,Healthcare,Pharmaceutical Retailers,424834793472
3558,Consumer Cyclical,Internet Retail,14338288640
3563,Consumer Cyclical,Restaurants,954962411520
3623,Technology,Software - Infrastructure,6327116288
3626,Technology,Information Technology Services,1156011655168
3635,Communication Services,Electronic Gaming & Multimedia,627415252992
3653,Technology,Software - Application,4412493824
3659,Communication Services,Electronic Gaming & Multimedia,3274731683840
3692,Technology,Software - Application,75852824576
3697,Technology,Software - Application,258203336704
3723,Communication Services,Electronic Gaming & Multimedia,17064263680
3765,Communication Services,Electronic Gaming & Multimedia,141711065088
3769,Technology,Software - Infrastructure,757550546944
3773,Technology,Communication Equipment,16474012672
3774,Communication Services,Telecom Services,479493914624
3777,Technology,Software - Application,18104952832
3793,Communication Services,Electronic Gaming & Multimedia,11981053952
3861,Basic Materials,Paper & Paper Products,816851779584
3900,Industrials,Staffing & Employment Services,12372236288
3904,Communication Services,Electronic Gaming & Multimedia,7981620736
3905,Technology,Software - Application,58369900544
3911,Communication Services,Electronic Gaming & Multimedia,10593681408
3914,Technology,Software - Infrastructure,18084562944
3923,Technology,Information Technology Services,379696087040
3979,Technology,Information Technology Services,11541502976
3989,Communication Services,Internet Content & Information,28478208000
3991,Communication Services,Internet Content & Information,11344531456
4004,Basic Materials,Chemicals,1230686912512
4005,Basic Materials,Chemicals,762042515456
4011,Technology,Software - Application,11644670976
4013,Technology,Software - Application,25757800448
4015,Technology,Software - Application,8350984192
4021,Basic Materials,Chemicals,734286315520
4042,Basic Materials,Chemicals,768377094144
4043,Basic Materials,Specialty Chemicals,306125602816
4051,Technology,Software - Infrastructure,42181996544
4054,Technology,Software - Application,9237495808
4055,Technology,Information Technology Services,12991806464
4056,Technology,Information Technology Services,6996675072
4058,Technology,Software - Application,30351904768
4061,Basic Materials,Chemicals,255198183424
4062,Technology,Electronic Components,2048112590848
4063,Basic Materials,Chemicals,10199985291264
4074,Technology,Software - Application,5054538240
4088,Basic Materials,Specialty Chemicals,534161784832
4091,Basic Materials,Chemicals,2143494340608
4151,Healthcare,Drug Manufacturers - Specialty & Generic,1339349663744
4165,Technology,Software - Application,35006238720
4168,Technology,Software - Application,10644230144
4169,Technology,Software - Application,12231311360
4175,Communication Services,Electronic Gaming & Multimedia,10449704960
4176,Communication Services,Internet Content & Information,7992770560
4182,Basic Materials,Specialty Chemicals,575855132672
4183,Basic Materials,Specialty Chemicals,773235408896
4186,Technology,Electronic Components,760039866368
4188,Basic Materials,Specialty Chemicals,1317662490624
4192,Technology,Software - Application,10791278592
4194,Communication Services,Internet Content & Information,407781244928
4202,Basic Materials,Specialty Chemicals,376008966144
4203,Basic Materials,Specialty Chemicals,463422423040
4204,Industrials,Conglomerates,1131936874496
4208,Basic Materials,Specialty Chemicals,258052685824
4258,Technology,Information Technology Services,27514132480
4259,Technology,Software - Application,52482248704
4263,Healthcare,Health Information Services,15975724032
4264,Industrials,Security & Protection Services,8119611392
4270,Technology,Software - Infrastructure,5554957824
4307,Technology,Information Technology Services,3558560235520
4308,Communication Services,Entertainment,9449208832
4324,Communication Services,Advertising Agencies,919458676736
4371,Technology,Information Technology Services,22018562048
4374,Technology,Software - Infrastructure,10058713088
4375,Technology,Software - Application,49743912960
4376,Industrials,Specialty Business Services,9925060608
4377,Industrials,Staffing & Employment Services,46394798080
4385,Consumer Cyclical,Internet Retail,533938733056
4389,Technology,Software - Application,10852867072
4393,Communication Services,Electronic Gaming & Multimedia,25355669504
4401,Basic Materials,Specialty Chemicals,418561097728
4403,Basic Materials,Specialty Chemicals,698947796992
4413,Technology,Information Technology Services,72296570880
4414,Technology,Software - Infrastructure,11094329344
4417,Technology,Software - Infrastructure,52663955456
4418,Technology,Information Technology Services,17963016192
4419,Technology,Software - Infrastructure,48940343296
4425,Technology,Software - Infrastructure,15662781440
4431,Technology,Software - Application,59227328512
4436,Communication Services,Internet Content & Information,7223734272
4442,Technology,Information Technology Services,8654476288
4448,Technology,Software - Application,17178814464
4452,Consumer Defensive,Household & Personal Products,2837215182848
4475,Technology,Software - Infrastructure,41978880000
4477,Technology,Software - Application,37748170752
4478,Technology,Software - Application,183707287552
4482,Communication Services,Internet Content & Information,15207160832
4488,Technology,Software - Infrastructure,11012110336
4490,Industrials,Consulting Services,4584405504
4493,Technology,Software - Infrastructure,19466614784
4495,Technology,Software - Application,13953189888
4498,Technology,Information Technology Services,21747269632
4502,Healthcare,Drug Manufacturers - Specialty & Generic,7929562923008
4503,Healthcare,Drug Manufacturers - General,4044565250048
4506,Healthcare,Drug Manufacturers - Specialty & Generic,1122541895680
4507,Healthcare,Drug Manufacturers - Specialty & Generic,2464003915776
4516,Healthcare,Drug Manufacturers - Specialty & Generic,383107006464
4519,Healthcare,Drug Manufacturers - General,13884798795776
4523,Healthcare,Drug Manufacturers - Specialty & Generic,1331017154560
4527,Consumer Defensive,Household & Personal Products,585021718528
4528,Healthcare,Drug Manufacturers - General,1062696124416
4543,Healthcare,Medical Instruments & Supplies,3348414070784
4563,Healthcare,Biotechnology,23936792576
4564,Healthcare,Biotechnology,7903802368
4568,Healthcare,Drug Manufacturers - General,6552739119104
4571,Healthcare,Biotechnology,10367068160
4572,Healthcare,Biotechnology,7985629184
4575,Healthcare,Biotechnology,16570269696
4578,Healthcare,Drug Manufacturers - General,4856243290112
4579,Healthcare,Biotechnology,27734796288
4582,Healthcare,Drug Manufacturers - Specialty & Generic,4388783616
4587,Healthcare,Biotechnology,226512093184
4588,Healthcare,Biotechnology,38786732032
4592,Healthcare,Biotechnology,131242745856
4593,Healthcare,Biotechnology,34278907904
4597,Healthcare,Drug Manufacturers - Specialty & Generic,7415296512
4599,Healthcare,Biotechnology,17299978240
4612,Basic Materials,Specialty Chemicals,2480059449344
4613,Basic Materials,Specialty Chemicals,442018660352
4626,Basic Materials,Specialty Chemicals,534148218880
4661,Consumer Cyclical,Leisure,4742298730496
4666,Industrials,Infrastructure Operations,377946636288
4680,Consumer Cyclical,Leisure,308875591680
4681,Consumer Cyclical,Resorts & Casinos,414247911424
4684,Technology,Software - Application,2155717853184
4686,Technology,Software - Infrastructure,328825929728
4689,Consumer Cyclical,Internet Retail,2853326553088
4704,Technology,Software - Infrastructure,857131712512
4716,Technology,Software - Infrastructure,1612168298496
4722,Technology,Information Technology Services,179746177024
4732,Consumer Cyclical,Auto & Truck Dealerships,809635479552
4751,Communication Services,Advertising Agencies,709039620096
4755,Consumer Cyclical,Internet Retail,2186684792832
4768,Technology,Information Technology Services,1231266250752
4772,Communication Services,Entertainment,12168965120
4811,Technology,Software - Infrastructure,14250439680
4812,Technology,Information Technology Services,529126162432
4816,Communication Services,Entertainment,568194367488
4882,Healthcare,Drug Manufacturers - General,3480870144
4888,Healthcare,Biotechnology,8097948160
4890,Healthcare,Medical Devices,8641090560
4891,Healthcare,Biotechnology,6595434496
4893,Healthcare,Biotechnology,6148832768
4894,Healthcare,Biotechnology,63152181248
4896,Healthcare,Biotechnology,8204452352
4901,Industrials,Conglomerates,4020808450048
4902,Industrials,Business Equipment & Supplies,343138926592
4911,Consumer Defensive,Household & Personal Products,986026999808
4912,Consumer Defensive,Household & Personal Products,457998991360
4967,Consumer Defensive,Household & Personal Products,403882803200
4978,Healthcare,Biotechnology,15055015936
4980,Technology,Electronic Components,455440760832
5019,Energy,Oil & Gas Refining & Marketing,1519773679616
5020,Energy,Oil & Gas Refining & Marketing,3261526704128
5021,Energy,Oil & Gas Integrated,724091469824
5026,Technology,Information Technology Services,6173641728
5027,Technology,Software - Application,35686182912
5032,Communication Services,Entertainment,274708561920
5034,Communication Services,Internet Content & Information,10333603840
5038,Healthcare,Health Information Services,43750473728
5076,Industrials,Engineering & Construction,572373663744
5101,Consumer Cyclical,Auto Parts,1008674078720
5105,Consumer Cyclical,Auto Parts,680513568768
5108,Consumer Cyclical,Auto Parts,4462359347200
5129,Technology,Software - Infrastructure,5480706560
5132,Technology,Software - Infrastructure,22023620608
5136,Technology,Software - Application,11193507840
5137,Technology,Software - Infrastructure,13948798976
5139,Technology,Software - Application,22622353408
5201,Industrials,Conglomerates,1135036203008
5214,Technology,Electronic Components,470176890880
5233,Basic Materials,Building Materials,462875394048
5243,Technology,Software - Application,33898455040
5244,Technology,Software - Application,9382162432
5246,Technology,Software - Application,16633049088
5248,Technology,Software - Application,8951625728
5253,Technology,Software - Application,120139530240
5254,Technology,Software - Application,22717003776
5258,Technology,Software - Infrastructure,14093202432
5301,Basic Materials,Specialty Chemicals,215535239168
5332,Industrials,Building Products & Equipment,745776218112
5333,Industrials,Specialty Industrial Machinery,1046912958464
5334,Consumer Cyclical,Auto Parts,1352328282112
5344,Technology,Electronic Components,565114109952
5393,Industrials,Conglomerates,469746417664
5401,Basic Materials,Steel,3446777577472
5406,Basic Materials,Steel,869320753152
5411,Basic Materials,Steel,1331465289728
5423,Basic Materials,Steel,161777106944
5444,Basic Materials,Steel,692001636352
5471,Basic Materials,Steel,395710824448
5480,Basic Materials,Steel,68300529664
5570,Communication Services,Internet Content & Information,9407951872
5572,Technology,Software - Infrastructure,9601738752
5574,Technology,Software - Infrastructure,27745718272
5582,Technology,Software - Infrastructure,12610507776
5586,Technology,Software - Infrastructure,14603343872
5588,Technology,Software - Infrastructure,11723371520
5590,Technology,Software - Infrastructure,16974015488
5591,Technology,Software - Infrastructure,8080212992
5592,Healthcare,Health Information Services,32018946048
5595,Industrials,Aerospace & Defense,83138772992
5621,Technology,Software - Infrastructure,18102368256
5631,Industrials,Specialty Industrial Machinery,654989721600
5706,Industrials,Conglomerates,1161137094656
5711,Basic Materials,Other Industrial Metals & Mining,549515132928
5713,Basic Materials,Other Industrial Metals & Mining,2031848652800
5714,Basic Materials,Other Industrial Metals & Mining,516769153024
5801,Industrials,Electrical Equipment & Parts,700949397504
5802,Consumer Cyclical,Auto Parts,5053103996928
5803,Industrials,Conglomerates,4736358547456
5805,Industrials,Electrical Equipment & Parts,330120167424
5831,Financial Services,Banks - Regional,1397118468096
5834,Industrials,Rental & Leasing Services,47207526400
5842,Financial Services,Asset Management,119708008448
5857,Industrials,Waste Management,267052761088
5888,Consumer Cyclical,Recreational Vehicles,9677770752
5892,Consumer Cyclical,Apparel Manufacturing,14647227392
5929,Industrials,Building Products & Equipment,892453912576
5947,Consumer Cyclical,"Furnishings, Fixtures & Appliances",560453189632
5991,Consumer Cyclical,Auto Parts,535557144576
6005,Industrials,Specialty Industrial Machinery,368659693568
6026,Communication Services,Advertising Agencies,0
6027,Industrials,Consulting Services,73371975680
6028,Industrials,Staffing & Employment Services,505322405888
6030,Consumer Cyclical,Travel Services,12845739008
6031,Technology,Software - Infrastructure,6129522176
6040,Consumer Cyclical,Resorts & Casinos,22770579456
6069,Communication Services,Advertising Agencies,8000147456
6086,Industrials,Specialty Business Services,22534428672
6094,Communication Services,Advertising Agencies,9539704832
6098,Communication Services,Internet Content & Information,12951183425536
6101,Industrials,Tools & Accessories,142612381696
6103,Industrials,Specialty Industrial Machinery,232974532608
6113,Industrials,Specialty Industrial Machinery,606706008064
6141,Industrials,Tools & Accessories,404536852480
6146,Technology,Semiconductor Equipment & Materials,6227166756864
6176,Communication Services,Publishing,9751277568
6178,Financial Services,Banks - Regional,5122060976128
6182,Technology,Information Technology Services,5204258304
6201,Industrials,Farm & Heavy Construction Machinery,5468624257024
6224,Industrials,Specialty Industrial Machinery,18038990848
6232,Technology,Computer Hardware,20220579840
6254,Industrials,Specialty Industrial Machinery,117627625472
6255,Industrials,Specialty Industrial Machinery,14227779584
6269,Energy,Oil & Gas Equipment & Services,1008024944640
6273,Industrials,Specialty Industrial Machinery,3890977964032
6301,Industrials,Farm & Heavy Construction Machinery,4765838737408
6302,Industrials,Specialty Industrial Machinery,541786832896
6305,Industrials,Farm & Heavy Construction Machinery,1097508978688
6323,Technology,Semiconductor Equipment & Materials,498613354496
6326,Industrials,Farm & Heavy Construction Machinery,2691431923712
6361,Industrials,Specialty Industrial Machinery,2098481070080
6367,Industrials,Building Products & Equipment,5784833359872
6368,Industrials,Pollution & Treatment Controls,668126478336
6383,Industrials,Specialty Industrial Machinery,1959844773888
6417,Consumer Cyclical,Gambling,502890364928
6432,Industrials,Farm & Heavy Construction Machinery,334437744640
6436,Technology,Scientific & Technical Instruments,301819592704
6448,Industrials,Business Equipment & Supplies,804054171648
6460,Communication Services,Electronic Gaming & Multimedia,517888737280
6465,Industrials,Specialty Industrial Machinery,761931497472
6471,Consumer Cyclical,Auto Parts,529447485440
6472,Industrials,Tools & Accessories,196950720512
6473,Consumer Cyclical,Auto Parts,595600474112
6479,Technology,Electronic Components,1234907955200
6501,Industrials,Conglomerates,24090702249984
6503,Industrials,Electrical Equipment & Parts,10307458039808
6504,Industrials,Electrical Equipment & Parts,1842483167232
6506,Industrials,Electrical Equipment & Parts,1276242952192
6521,Technology,Electronic Components,19516631040
6526,Industrials,Electrical Equipment & Parts,410159251456
6532,Industrials,Consulting Services,1036914393088
6544,Industrials,Specialty Business Services,314549895168
6557,Healthcare,Medical Care Facilities,9167905792
6561,Consumer Cyclical,Travel Services,11111591936
6562,Communication Services,Internet Content & Information,13006081024
6568,Basic Materials,Chemicals,9188992000
6574,Consumer Cyclical,Personal Services,67715076096
6586,Industrials,Tools & Accessories,1337367855104
6590,Technology,Electronic Components,296428634112
6594,Industrials,Specialty Industrial Machinery,2387763527680
6612,Consumer Cyclical,"Furnishings, Fixtures & Appliances",5838202368
6613,Technology,Semiconductors,16538631168
6632,Consumer Cyclical,Auto Parts,183963484160
6645,Technology,Electronic Components,789470904320
6670,Technology,Computer Hardware,151238311936
6674,Consumer Cyclical,Auto Parts,381419061248
6701,Technology,Information Technology Services,7782904889344
6702,Technology,Information Technology Services,8006936297472
6707,Technology,Semiconductors,129120100352
6723,Technology,Semiconductors,4378227376128
6724,Technology,Computer Hardware,653673168896
6728,Industrials,Specialty Industrial Machinery,386658304000
6752,Technology,Consumer Electronics,5020719775744
6753,Technology,Consumer Electronics,510089494528
6758,Technology,Consumer Electronics,22851694362624
6762,Technology,Electronic Components,3990442475520
6770,Technology,Electronic Components,386718564352
6787,Technology,Electronic Components,258409414656
6806,Technology,Electronic Components,580832067584
6841,Industrials,Specialty Industrial Machinery,1320506359808
6845,Industrials,Specialty Industrial Machinery,725168947200
6849,Healthcare,Medical Devices,292464951296
6856,Technology,Scientific & Technical Instruments,719603105792
6857,Technology,Semiconductor Equipment & Materials,15968556285952
6861,Technology,Scientific & Technical Instruments,14161045094400
6869,Healthcare,Medical Devices,991167840256
6902,Consumer Cyclical,Auto Parts,5940938539008
6920,Technology,Semiconductor Equipment & Materials,2980925669376
6951,Technology,Scientific & Technical Instruments,272748756992
6952,Technology,Consumer Electronics,300337102848
6954,Industrials,Specialty Industrial Machinery,6186846388224
6963,Technology,Semiconductors,932854300672
6965,Technology,Electronic Components,509148069888
6966,Technology,Semiconductors,138524246016
6971,Industrials,Conglomerates,3056520921088
6976,Technology,Electronic Components,430924333056
6981,Technology,Electronic Components,6021548867584
6988,Basic Materials,Specialty Chemicals,2522855505920
7003,Industrials,Aerospace & Defense,680241725440
7004,Industrials,Pollution & Treatment Controls,169759064064
7011,Industrials,Specialty Industrial Machinery,15039877611520
7012,Industrials,Specialty Industrial Machinery,2243411836928
7013,Industrials,Specialty Industrial Machinery,3626772201472
7014,Industrials,Aerospace & Defense,313290850304
7047,Communication Services,Internet Content & Information,28514318336
7048,Consumer Cyclical,Travel Services,6770793472
7050,Communication Services,Advertising Agencies,13505446912
7061,Healthcare,Medical Care Facilities,9201858560
7066,Industrials,Conglomerates,4258687488
7068,Communication Services,Advertising Agencies,16214208512
7079,Healthcare,Health Information Services,6661440000
7094,Industrials,Specialty Business Services,17133739008
7096,Healthcare,Biotechnology,8348185600
7105,Industrials,Farm & Heavy Construction Machinery,164452564992
7110,Consumer Cyclical,Internet Retail,16885361664
7119,Industrials,Conglomerates,14791954432
7148,Financial Services,Financial Conglomerates,173160513536
7157,Financial Services,Insurance - Life,160359284736
7164,Financial Services,Credit Services,422622756864
7167,Financial Services,Banks - Regional,1058687811584
7182,Financial Services,Banks - Regional,8818593366016
7186,Financial Services,Banks - Regional,1559374594048
7201,Consumer Cyclical,Auto Manufacturers,1451430772736
7202,Consumer Cyclical,Auto Manufacturers,1796077780992
7203,Consumer Cyclical,Auto Manufacturers,47454565171200
7205,Industrials,Farm & Heavy Construction Machinery,231914029056
7211,Consumer Cyclical,Auto Manufacturers,508707930112
7259,Consumer Cyclical,Auto Parts,2232671010816
7261,Consumer Cyclical,Auto Manufacturers,809606316032
7267,Consumer Cyclical,Auto Manufacturers,6241703690240
7269,Consumer Cyclical,Auto Manufacturers,4520290025472
7270,Consumer Cyclical,Auto Manufacturers,2542361116672
7272,Consumer Cyclical,Auto Manufacturers,1215362498560
7276,Consumer Cyclical,Auto Parts,640586809344
7282,Consumer Cyclical,Auto Parts,530903957504
7309,Consumer Cyclical,Leisure,1459969720320
7317,Industrials,Specialty Industrial Machinery,23016445952
7318,Industrials,Specialty Business Services,18787186688
7320,Technology,Software - Application,16468198400
7326,Financial Services,Insurance - Diversified,50981076992
7343,Financial Services,Insurance - Diversified,7745580032
7352,Industrials,Specialty Business Services,38279237632
7373,Industrials,Specialty Business Services,47710158848
7409,Industrials,Aerospace & Defense,34299029504
7419,Consumer Cyclical,Specialty Retail,360004222976
7453,Consumer Cyclical,Department Stores,1493908062208
7459,Healthcare,Medical Distribution,589327499264
7532,Consumer Defensive,Discount Stores,2722955788288
7550,Consumer Cyclical,Restaurants,1367485448192
7564,Consumer Cyclical,Apparel Retail,546808168448
7599,Consumer Cyclical,Auto & Truck Dealerships,133441208320
7649,Healthcare,Pharmaceutical Retailers,662722904064
7674,Consumer Cyclical,Restaurants,7463569408
7683,Consumer Cyclical,Apparel Retail,26252591104
7685,Consumer Cyclical,Internet Retail,156308996096
7701,Technology,Scientific & Technical Instruments,1251404677120
7707,Healthcare,Medical Devices,5791634432
7716,Healthcare,Medical Instruments & Supplies,166421741568
7729,Technology,Semiconductor Equipment & Materials,502345433088
7731,Consumer Cyclical,Leisure,601707839488
7733,Healthcare,Medical Devices,2282670260224
7735,Technology,Semiconductor Equipment & Materials,1541033820160
7740,Consumer Cyclical,Leisure,170667098112
7741,Healthcare,Medical Instruments & Supplies,8370541559808
7744,Technology,Consumer Electronics,197133352960
7747,Healthcare,Medical Instruments & Supplies,777400287232
7751,Technology,Computer Hardware,4150625566720
7752,Industrials,Business Equipment & Supplies,819412205568
7762,Consumer Cyclical,Footwear & Accessories,325001641984
7774,Healthcare,Biotechnology,21807544320
7776,Healthcare,Biotechnology,9914551296
7777,Healthcare,Medical Devices,45560541184
7779,Healthcare,Medical Devices,47293358080
7792,Healthcare,Medical Devices,13601718272
7794,Consumer Cyclical,Luxury Goods,6384899072
7803,Communication Services,Electronic Gaming & Multimedia,42585985024
7806,Consumer Defensive,Household & Personal Products,179650101248
7832,Consumer Cyclical,Leisure,2718301159424
7846,Industrials,Business Equipment & Supplies,181643460608
7867,Consumer Cyclical,Leisure,253087842304
7906,Consumer Cyclical,Leisure,284459073536
7911,Industrials,Conglomerates,1307445297152
7912,Industrials,Conglomerates,1246445436928
7936,Consumer Cyclical,Footwear & Accessories,2894020476928
7944,Consumer Cyclical,Leisure,101416157184
7951,Consumer Cyclical,Leisure,519309557760
7974,Communication Services,Electronic Gaming & Multimedia,11584378241024
7988,Consumer Cyclical,Auto Parts,468535148544
7994,Industrials,Business Equipment & Supplies,226371747840
8001,Industrials,Conglomerates,14376330330112
8002,Industrials,Conglomerates,8128467304448
8015,Industrials,Conglomerates,6188962414592
8020,Industrials,Conglomerates,319177555968
8031,Industrials,Conglomerates,14282909548544
8035,Technology,Semiconductor Equipment & Materials,18808265768960
8053,Industrials,Conglomerates,7131630665728
8056,Technology,Information Technology Services,535658692608
8058,Industrials,Conglomerates,14808514560000
8060,Industrials,Business Equipment & Supplies,751546925056
8078,Industrials,Conglomerates,302951333888
8088,Industrials,Conglomerates,419500883968
8098,Basic Materials,Specialty Chemicals,207658352640
8111,Consumer Cyclical,Apparel Manufacturing,356344102912
8113,Consumer Defensive,Household & Personal Products,1556371603456
8130,Consumer Cyclical,"Furnishings, Fixtures & Appliances",185713229824
8133,Energy,Oil & Gas Refining & Marketing,221989044224
8136,Consumer Cyclical,Specialty Retail,1221047615488
8154,Technology,Electronic Components,188015493120
8174,Utilities,Utilities - Regulated Gas,316594520064
8194,Consumer Defensive,Grocery Stores,219409104896
8227,Consumer Cyclical,Apparel Retail,774765150208
8233,Consumer Cyclical,Department Stores,561269112832
8252,Financial Services,Credit Services,576214663168
8253,Financial Services,Credit Services,625538695168
8267,Consumer Cyclical,Department Stores,6062055882752
8279,Consumer Defensive,Grocery Stores,0
8304,Financial Services,Banks - Regional,364980240384
8306,Financial Services,Banks - Diversified,31539184271360
8308,Financial Services,Banks - Regional,3802520092672
8309,Financial Services,Banks - Regional,3523567681536
8316,Financial Services,Banks - Diversified,20798832115712
8331,Financial Services,Banks - Regional,1352079114240
8354,Financial Services,Banks - Regional,1031182745600
8410,Financial Services,Banks - Regional,360754479104
8411,Financial Services,Banks - Regional,16127804571648
8424,Industrials,Rental & Leasing Services,399162933248
8425,Financial Services,Credit Services,408792563712
8439,Industrials,Rental & Leasing Services,1032020885504
8473,Financial Services,Financial Conglomerates,2404783751168
8515,Financial Services,Credit Services,266801020928
8572,Financial Services,Credit Services,808842756096
8584,Financial Services,Credit Services,195603202048
8591,Financial Services,Financial Conglomerates,5282895757312
8593,Financial Services,Credit Services,1973235875840
8601,Financial Services,Capital Markets,2110073602048
8604,Financial Services,Capital Markets,4330920083456
8630,Financial Services,Insurance - Property & Casualty,5175448698880
8697,Financial Services,Financial Data & Stock Exchanges,1818372603904
8725,Financial Services,Insurance - Property & Casualty,5804797198336
8750,Financial Services,Insurance - Life,5021092020224
8766,Financial Services,Insurance - Property & Casualty,11487239208960
8795,Financial Services,Insurance - Life,1913734823936
8801,Real Estate,Real Estate - Diversified,5157692637184
8802,Real Estate,Real Estate - Diversified,4995843358720
8804,Real Estate,Real Estate Services,769616773120
8830,Real Estate,Real Estate Services,3950635909120
8848,Real Estate,Real Estate Services,215720804352
8850,Real Estate,Real Estate - Diversified,234116284416
8876,Industrials,Specialty Business Services,265048473600
8919,Consumer Cyclical,Residential Construction,251526201344
8923,Real Estate,Real Estate - Diversified,175999827968
9001,Industrials,Railroads,530284052480
9005,Consumer Cyclical,Department Stores,1038038073344
9006,Industrials,Conglomerates,418486059008
9007,Industrials,Railroads,590325612544
9008,Industrials,Conglomerates,479386009600
9009,Industrials,Railroads,630998827008
9020,Industrials,Railroads,4733576151040
9021,Industrials,Railroads,1421681885184
9022,Industrials,Railroads,4231698579456
9024,Industrials,Conglomerates,1079566139392
9041,Industrials,Conglomerates,604505112576
9064,Industrials,Trucking,671829917696
9065,Industrials,Integrated Freight & Logistics,445639229440
9069,Industrials,Integrated Freight & Logistics,353529987072
9090,Industrials,Integrated Freight & Logistics,134413885440
9101,Industrials,Marine Shipping,2180094099456
9104,Industrials,Marine Shipping,1689854541824
9107,Industrials,Marine Shipping,1458557550592
9110,Industrials,Marine Shipping,160717504512
9119,Industrials,Marine Shipping,158387011584
9142,Industrials,Conglomerates,630895673344
9143,Industrials,Integrated Freight & Logistics,882569183232
9147,Industrials,Integrated Freight & Logistics,831244468224
9158,Healthcare,Medical Care Facilities,25504317440
9162,Communication Services,Advertising Agencies,8016590336
9163,Industrials,Engineering & Construction,20521207808
9164,Industrials,Staffing & Employment Services,0
9166,Consumer Cyclical,Leisure,145258332160
9168,Industrials,Consulting Services,20642985984
9201,Industrials,Airlines,1278220697600
9202,Industrials,Airlines,1424725770240
9204,Industrials,Airports & Air Services,22447540224
9211,Communication Services,Advertising Agencies,18691674112
9218,Healthcare,Medical Care Facilities,8375336448
9223,Industrials,Rental & Leasing Services,7459116544
9227,Basic Materials,Chemicals,16178923520
9245,Communication Services,Internet Content & Information,12255734784
9251,Consumer Cyclical,Personal Services,17380192256
9252,Industrials,Specialty Business Services,10780866560
9270,Consumer Cyclical,Specialty Retail,21148985344
9272,Consumer Cyclical,Internet Retail,13863432192
9302,Industrials,Integrated Freight & Logistics,283136819200
9338,Industrials,Specialty Business Services,18992017408
9343,Technology,Software - Application,13596818432
9348,Technology,Computer Hardware,75862622208
9418,Industrials,Conglomerates,360749826048
9432,Communication Services,Telecom Services,12965903335424
9433,Communication Services,Telecom Services,10353350017024
9434,Communication Services,Telecom Services,10336474234880
9435,Industrials,Conglomerates,1962404741120
9449,Communication Services,Telecom Services,401418223616
9467,Communication Services,Internet Content & Information,47631314944
9501,Utilities,Utilities - Renewable,1156691001344
9502,Utilities,Utilities - Diversified,1670223626240
9503,Utilities,Utilities - Renewable,2854251397120
9506,Utilities,Utilities - Renewable,593629020160
9507,Utilities,Utilities - Regulated Electric,323641147392
9508,Utilities,Utilities - Independent Power Producers,830443225088
9509,Utilities,Utilities - Renewable,234412244992
9513,Utilities,Utilities - Renewable,592934076416
9531,Utilities,Utilities - Regulated Gas,2193526358016
9532,Utilities,Utilities - Regulated Gas,2135993221120
9553,Technology,Software - Application,19549949952
9556,Industrials,Consulting Services,35581898752
9558,Technology,Software - Infrastructure,8973588480
9560,Consumer Defensive,Education & Training Services,12212934656
9561,Technology,Software - Application,3626150400
9602,Communication Services,Entertainment,1325508853760
9684,Communication Services,Electronic Gaming & Multimedia,991726206976
9697,Communication Services,Electronic Gaming & Multimedia,1516287164416
9719,Technology,Information Technology Services,1773740883968
9735,Industrials,Security & Protection Services,2318028505088
9744,Industrials,Staffing & Employment Services,283889336320
9759,Technology,Software - Application,264727461888
9766,Communication Services,Electronic Gaming & Multimedia,2887355465728
9843,Consumer Cyclical,"Furnishings, Fixtures & Appliances",1455589687296
9962,Industrials,Tools & Accessories,710616875008
9983,Consumer Cyclical,Apparel Retail,19581875781632
9984,Communication Services,Telecom Services,25400587583488
9989,Healthcare,Pharmaceutical Retailers,492264030208
